datetime,open,high,low,close,volume
2021-01-01 09:15:00,31279.8,31379.65,31243.6,31348.6,0
2021-01-01 09:30:00,31350.6,31384.35,31323.05,31366.4,0
2021-01-01 09:45:00,31365.7,31381.05,31323.8,31352.9,0
2021-01-01 10:00:00,31351.3,31351.3,31299.9,31338.8,0
2021-01-01 10:15:00,31340.2,31342.0,31271.9,31312.1,0
2021-01-01 10:30:00,31311.9,31315.4,31269.1,31275.3,0
2021-01-01 10:45:00,31274.7,31300.15,31266.65,31289.1,0
2021-01-01 11:00:00,31291.2,31317.15,31277.55,31291.6,0
2021-01-01 11:15:00,31293.4,31323.95,31278.2,31291.2,0
2021-01-01 11:30:00,31290.8,31310.8,31261.85,31273.8,0
2021-01-01 11:45:00,31275.7,31302.65,31221.7,31251.4,0
2021-01-01 12:00:00,31254.2,31287.6,31231.8,31277.0,0
2021-01-01 12:15:00,31275.4,31322.5,31267.9,31319.8,0
2021-01-01 12:30:00,31320.8,31346.95,31305.9,31321.3,0
2021-01-01 12:45:00,31319.3,31322.05,31274.55,31302.2,0
2021-01-01 13:00:00,31303.3,31310.75,31270.4,31273.8,0
2021-01-01 13:15:00,31271.7,31302.6,31269.7,31286.8,0
2021-01-01 13:30:00,31285.4,31290.75,31205.0,31253.7,0
2021-01-01 13:45:00,31254.5,31284.15,31238.05,31276.3,0
2021-01-01 14:00:00,31275.1,31316.65,31274.1,31305.8,0
2021-01-01 14:15:00,31306.2,31317.3,31260.2,31303.1,0
2021-01-01 14:30:00,31300.4,31320.6,31285.75,31295.1,0
2021-01-01 14:45:00,31295.3,31302.35,31265.3,31277.6,0
2021-01-01 15:00:00,31274.8,31275.6,31208.95,31229.4,0
2021-01-01 15:15:00,31229.1,31269.95,31188.25,31212.1,0
2021-01-04 09:15:00,31485.2,31485.15,31352.95,31465.8,0
2021-01-04 09:30:00,31467.2,31481.4,31421.85,31457.9,0
2021-01-04 09:45:00,31454.8,31489.6,31444.5,31466.2,0
2021-01-04 10:00:00,31466.4,31468.8,31420.1,31426.4,0
2021-01-04 10:15:00,31431.1,31464.5,31419.35,31438.3,0
2021-01-04 10:30:00,31440.1,31440.1,31382.25,31388.6,0
2021-01-04 10:45:00,31385.7,31395.35,31136.85,31175.0,0
2021-01-04 11:00:00,31176.6,31176.55,30893.65,31100.9,0
2021-01-04 11:15:00,31103.1,31136.3,31050.8,31104.7,0
2021-01-04 11:30:00,31104.3,31213.95,31096.6,31189.5,0
2021-01-04 11:45:00,31191.1,31227.25,31092.5,31097.4,0
2021-01-04 12:00:00,31099.8,31158.4,31078.0,31144.8,0
2021-01-04 12:15:00,31150.8,31156.25,31105.15,31120.3,0
2021-01-04 12:30:00,31125.8,31219.4,31125.75,31200.0,0
2021-01-04 12:45:00,31205.2,31233.9,31172.0,31196.6,0
2021-01-04 13:00:00,31189.7,31215.75,31112.8,31179.1,0
2021-01-04 13:15:00,31175.4,31226.05,31153.3,31215.9,0
2021-01-04 13:30:00,31215.7,31257.35,31175.65,31214.3,0
2021-01-04 13:45:00,31211.1,31231.5,31189.95,31213.9,0
2021-01-04 14:00:00,31212.8,31216.0,31074.55,31135.2,0
2021-01-04 14:15:00,31139.4,31139.45,31034.25,31115.3,0
2021-01-04 14:30:00,31114.3,31198.25,31102.25,31173.2,0
2021-01-04 14:45:00,31170.1,31184.45,31140.0,31163.9,0
2021-01-04 15:00:00,31161.1,31227.35,31161.05,31189.9,0
2021-01-04 15:15:00,31188.8,31277.2,31181.55,31275.2,0
2021-01-05 09:15:00,31041.1,31131.65,30935.55,31121.4,0
2021-01-05 09:30:00,31124.3,31178.7,31099.55,31143.2,0
2021-01-05 09:45:00,31139.2,31191.8,31121.6,31125.4,0
2021-01-05 10:00:00,31123.2,31134.0,31074.85,31088.3,0
2021-01-05 10:15:00,31085.6,31139.0,31050.2,31126.2,0
2021-01-05 10:30:00,31125.1,31169.05,31120.05,31157.6,0
2021-01-05 10:45:00,31154.3,31243.4,31140.2,31212.4,0
2021-01-05 11:00:00,31214.3,31350.3,31212.7,31324.4,0
2021-01-05 11:15:00,31323.2,31389.1,31304.45,31358.4,0
2021-01-05 11:30:00,31359.8,31390.45,31314.65,31366.4,0
2021-01-05 11:45:00,31367.5,31370.3,31291.6,31330.2,0
2021-01-05 12:00:00,31329.4,31366.6,31315.1,31346.6,0
2021-01-05 12:15:00,31348.8,31382.95,31325.85,31348.7,0
2021-01-05 12:30:00,31349.4,31434.6,31346.4,31414.6,0
2021-01-05 12:45:00,31414.0,31419.3,31379.45,31410.6,0
2021-01-05 13:00:00,31413.2,31418.2,31331.6,31335.7,0
2021-01-05 13:15:00,31336.7,31338.6,31268.75,31338.4,0
2021-01-05 13:30:00,31338.9,31457.7,31337.7,31428.6,0
2021-01-05 13:45:00,31430.2,31503.45,31430.2,31500.1,0
2021-01-05 14:00:00,31501.8,31635.75,31500.2,31623.6,0
2021-01-05 14:15:00,31620.8,31700.75,31562.8,31697.8,0
2021-01-05 14:30:00,31701.3,31746.45,31661.65,31696.7,0
2021-01-05 14:45:00,31698.2,31754.75,31674.75,31704.3,0
2021-01-05 15:00:00,31703.5,31745.1,31683.25,31719.9,0
2021-01-05 15:15:00,31723.3,31767.65,31682.1,31705.6,0
2021-01-06 09:15:00,31839.9,31897.6,31748.15,31824.4,0
2021-01-06 09:30:00,31824.6,31881.15,31788.8,31861.7,0
2021-01-06 09:45:00,31862.8,31909.75,31852.0,31879.4,0
2021-01-06 10:00:00,31874.9,31900.35,31768.35,31823.8,0
2021-01-06 10:15:00,31826.9,31858.65,31783.3,31787.1,0
2021-01-06 10:30:00,31788.1,31858.3,31747.15,31852.1,0
2021-01-06 10:45:00,31851.8,31876.75,31813.45,31840.7,0
2021-01-06 11:00:00,31839.7,31877.05,31829.4,31867.4,0
2021-01-06 11:15:00,31869.8,31869.95,31818.3,31838.5,0
2021-01-06 11:30:00,31837.8,31858.6,31810.7,31829.6,0
2021-01-06 11:45:00,31829.9,31842.1,31788.4,31834.4,0
2021-01-06 12:00:00,31835.0,31873.85,31792.65,31863.8,0
2021-01-06 12:15:00,31860.9,31969.5,31847.25,31960.8,0
2021-01-06 12:30:00,31959.2,31982.3,31920.2,31930.2,0
2021-01-06 12:45:00,31927.2,31965.35,31908.35,31929.6,0
2021-01-06 13:00:00,31927.8,31962.5,31892.65,31905.6,0
2021-01-06 13:15:00,31904.8,31974.85,31847.05,31919.8,0
2021-01-06 13:30:00,31920.9,31943.1,31765.2,31845.5,0
2021-01-06 13:45:00,31844.6,31844.6,31596.75,31740.6,0
2021-01-06 14:00:00,31741.7,31787.05,31548.15,31641.5,0
2021-01-06 14:15:00,31635.2,31777.35,31601.2,31711.4,0
2021-01-06 14:30:00,31711.1,31806.85,31638.4,31806.1,0
2021-01-06 14:45:00,31808.0,31859.8,31786.7,31839.2,0
2021-01-06 15:00:00,31839.2,31865.6,31775.4,31808.2,0
2021-01-06 15:15:00,31806.3,31839.1,31711.5,31739.4,0
2021-01-07 09:15:00,32129.8,32142.9,32003.7,32114.6,0
2021-01-07 09:30:00,32113.4,32147.8,32049.7,32057.5,0
2021-01-07 09:45:00,32055.8,32073.75,32009.65,32032.6,0
2021-01-07 10:00:00,32033.3,32056.4,31965.1,31995.8,0
2021-01-07 10:15:00,31994.3,32045.55,31954.95,31982.1,0
2021-01-07 10:30:00,31983.9,31987.25,31950.9,31971.4,0
2021-01-07 10:45:00,31971.1,32051.15,31970.1,32034.8,0
2021-01-07 11:00:00,32034.4,32037.6,31986.0,32034.3,0
2021-01-07 11:15:00,32032.3,32078.3,32025.45,32074.2,0
2021-01-07 11:30:00,32074.6,32077.5,32007.7,32033.8,0
2021-01-07 11:45:00,32033.7,32063.35,32008.35,32034.2,0
2021-01-07 12:00:00,32034.5,32069.9,32032.05,32067.1,0
2021-01-07 12:15:00,32065.7,32081.7,32044.5,32060.3,0
2021-01-07 12:30:00,32059.8,32160.1,32059.8,32153.9,0
2021-01-07 12:45:00,32153.6,32158.75,32117.3,32137.3,0
2021-01-07 13:00:00,32139.1,32177.4,32081.55,32163.8,0
2021-01-07 13:15:00,32160.1,32164.1,32119.6,32147.4,0
2021-01-07 13:30:00,32147.6,32152.05,31992.6,32041.6,0
2021-01-07 13:45:00,32043.1,32116.6,32038.7,32107.2,0
2021-01-07 14:00:00,32108.2,32114.95,32038.8,32113.2,0
2021-01-07 14:15:00,32117.8,32127.05,32072.65,32114.4,0
2021-01-07 14:30:00,32114.2,32133.45,32042.6,32062.9,0
2021-01-07 14:45:00,32061.3,32071.2,32020.4,32037.7,0
2021-01-07 15:00:00,32032.9,32037.55,31911.5,31953.1,0
2021-01-07 15:15:00,31956.2,31989.65,31920.6,31971.5,0
2021-01-08 09:15:00,32298.1,32298.05,32107.25,32149.2,0
2021-01-08 09:30:00,32153.3,32166.7,32070.5,32109.7,0
2021-01-08 09:45:00,32111.3,32168.0,32106.85,32145.5,0
2021-01-08 10:00:00,32145.5,32199.35,32126.65,32189.5,0
2021-01-08 10:15:00,32188.5,32217.35,32163.05,32165.9,0
2021-01-08 10:30:00,32166.4,32221.15,32166.45,32207.7,0
2021-01-08 10:45:00,32207.9,32207.95,32138.0,32138.3,0
2021-01-08 11:00:00,32137.6,32157.5,32115.4,32138.1,0
2021-01-08 11:15:00,32136.9,32155.7,32112.8,32151.4,0
2021-01-08 11:30:00,32151.7,32201.7,32136.3,32182.8,0
2021-01-08 11:45:00,32182.6,32198.8,32143.85,32176.6,0
2021-01-08 12:00:00,32173.8,32183.15,32087.1,32141.4,0
2021-01-08 12:15:00,32143.1,32164.7,32130.75,32152.8,0
2021-01-08 12:30:00,32153.9,32171.6,32113.6,32170.2,0
2021-01-08 12:45:00,32174.2,32194.65,32131.6,32134.2,0
2021-01-08 13:00:00,32139.2,32149.9,32099.8,32137.8,0
2021-01-08 13:15:00,32134.2,32156.75,32100.0,32138.6,0
2021-01-08 13:30:00,32138.4,32138.4,32002.95,32076.2,0
2021-01-08 13:45:00,32077.7,32129.65,32073.55,32121.3,0
2021-01-08 14:00:00,32119.8,32125.0,32051.95,32087.0,0
2021-01-08 14:15:00,32084.6,32099.35,32010.05,32083.7,0
2021-01-08 14:30:00,32081.4,32121.1,32033.0,32091.9,0
2021-01-08 14:45:00,32091.8,32166.25,32089.8,32111.3,0
2021-01-08 15:00:00,32113.8,32131.2,32033.45,32088.7,0
2021-01-08 15:15:00,32089.8,32123.35,32062.45,32078.2,0
2021-01-11 09:15:00,32280.3,32288.45,31982.6,32174.3,0
2021-01-11 09:30:00,32174.7,32198.6,32094.65,32123.6,0
2021-01-11 09:45:00,32123.7,32150.4,32068.4,32123.3,0
2021-01-11 10:00:00,32123.3,32127.75,32037.45,32053.4,0
2021-01-11 10:15:00,32057.2,32057.25,31836.95,31893.0,0
2021-01-11 10:30:00,31892.2,31955.8,31843.15,31932.4,0
2021-01-11 10:45:00,31933.8,31969.3,31888.45,31892.8,0
2021-01-11 11:00:00,31895.8,31948.5,31879.25,31923.4,0
2021-01-11 11:15:00,31922.7,31924.95,31871.1,31913.7,0
2021-01-11 11:30:00,31913.8,31930.95,31858.1,31868.7,0
2021-01-11 11:45:00,31871.1,31900.9,31842.05,31880.2,0
2021-01-11 12:00:00,31879.9,32053.3,31856.95,32016.9,0
2021-01-11 12:15:00,32018.5,32057.5,31973.6,31994.2,0
2021-01-11 12:30:00,31994.4,32033.6,31975.05,32031.2,0
2021-01-11 12:45:00,32029.9,32033.35,31956.65,31992.1,0
2021-01-11 13:00:00,31990.9,31990.9,31913.55,31985.9,0
2021-01-11 13:15:00,31982.3,32036.45,31959.7,31992.8,0
2021-01-11 13:30:00,31991.8,32062.4,31991.75,32035.7,0
2021-01-11 13:45:00,32038.2,32074.4,31966.95,32001.2,0
2021-01-11 14:00:00,32003.3,32003.9,31900.15,31943.7,0
2021-01-11 14:15:00,31946.0,31969.85,31899.6,31940.2,0
2021-01-11 14:30:00,31948.2,32044.25,31943.5,31996.6,0
2021-01-11 14:45:00,31997.5,32023.0,31961.95,31996.4,0
2021-01-11 15:00:00,31997.3,32003.2,31965.2,31995.2,0
2021-01-11 15:15:00,31996.8,32047.2,31982.8,32016.1,0
2021-01-12 09:15:00,31835.1,31880.6,31725.85,31837.6,0
2021-01-12 09:30:00,31834.8,31941.45,31831.2,31913.9,0
2021-01-12 09:45:00,31909.6,31926.05,31839.35,31857.2,0
2021-01-12 10:00:00,31860.4,31911.95,31837.7,31844.6,0
2021-01-12 10:15:00,31842.8,31870.8,31819.85,31838.9,0
2021-01-12 10:30:00,31838.2,31877.0,31816.3,31875.7,0
2021-01-12 10:45:00,31876.8,31878.45,31817.8,31826.8,0
2021-01-12 11:00:00,31824.6,31923.0,31818.6,31904.9,0
2021-01-12 11:15:00,31905.7,31921.9,31874.9,31887.7,0
2021-01-12 11:30:00,31885.8,31947.55,31881.85,31929.3,0
2021-01-12 11:45:00,31929.0,31993.0,31903.2,31968.2,0
2021-01-12 12:00:00,31970.8,32148.5,31964.0,32118.8,0
2021-01-12 12:15:00,32123.2,32208.2,32119.2,32207.9,0
2021-01-12 12:30:00,32208.2,32324.85,32184.55,32313.3,0
2021-01-12 12:45:00,32316.6,32345.65,32265.9,32298.7,0
2021-01-12 13:00:00,32299.1,32368.5,32290.95,32320.6,0
2021-01-12 13:15:00,32318.5,32348.65,32281.95,32294.9,0
2021-01-12 13:30:00,32296.0,32340.5,32293.2,32326.9,0
2021-01-12 13:45:00,32328.1,32341.85,32246.95,32307.2,0
2021-01-12 14:00:00,32306.2,32325.7,32276.3,32322.7,0
2021-01-12 14:15:00,32319.8,32328.9,32271.55,32300.6,0
2021-01-12 14:30:00,32302.7,32329.45,32246.2,32320.6,0
2021-01-12 14:45:00,32323.3,32358.6,32307.35,32331.3,0
2021-01-12 15:00:00,32330.2,32397.95,32330.2,32346.7,0
2021-01-12 15:15:00,32347.3,32353.85,32284.25,32353.8,0
2021-01-13 09:15:00,32556.4,32558.75,32413.6,32524.6,0
2021-01-13 09:30:00,32526.6,32683.5,32523.95,32637.2,0
2021-01-13 09:45:00,32636.6,32647.65,32579.05,32613.3,0
2021-01-13 10:00:00,32609.6,32656.85,32589.95,32602.7,0
2021-01-13 10:15:00,32604.1,32607.0,32539.85,32572.9,0
2021-01-13 10:30:00,32572.2,32579.8,32433.15,32532.2,0
2021-01-13 10:45:00,32531.4,32587.5,32524.5,32538.1,0
2021-01-13 11:00:00,32538.9,32582.0,32505.4,32513.4,0
2021-01-13 11:15:00,32513.8,32543.7,32452.85,32475.9,0
2021-01-13 11:30:00,32475.4,32488.85,32322.9,32377.8,0
2021-01-13 11:45:00,32378.5,32465.6,32353.75,32359.6,0
2021-01-13 12:00:00,32356.3,32439.6,32287.05,32436.8,0
2021-01-13 12:15:00,32436.1,32513.15,32414.95,32442.9,0
2021-01-13 12:30:00,32444.2,32482.15,32405.0,32461.9,0
2021-01-13 12:45:00,32462.3,32522.35,32443.8,32446.7,0
2021-01-13 13:00:00,32446.8,32466.9,32393.45,32414.7,0
2021-01-13 13:15:00,32413.6,32459.3,32373.8,32451.2,0
2021-01-13 13:30:00,32449.8,32497.3,32314.5,32374.3,0
2021-01-13 13:45:00,32378.3,32378.75,32268.3,32276.9,0
2021-01-13 14:00:00,32273.7,32359.85,32148.25,32328.9,0
2021-01-13 14:15:00,32329.9,32485.05,32283.2,32482.1,0
2021-01-13 14:30:00,32482.5,32531.8,32441.85,32488.0,0
2021-01-13 14:45:00,32489.7,32593.7,32457.3,32560.0,0
2021-01-13 15:00:00,32563.9,32629.4,32563.1,32602.5,0
2021-01-13 15:15:00,32603.4,32609.05,32502.7,32540.6,0
2021-01-14 09:15:00,32526.7,32718.95,32526.15,32629.7,0
2021-01-14 09:30:00,32629.4,32632.8,32549.7,32563.9,0
2021-01-14 09:45:00,32563.8,32623.05,32541.2,32596.2,0
2021-01-14 10:00:00,32599.4,32625.1,32557.7,32571.8,0
2021-01-14 10:15:00,32572.1,32608.8,32539.35,32602.2,0
2021-01-14 10:30:00,32599.8,32626.2,32578.4,32597.5,0
2021-01-14 10:45:00,32600.8,32605.1,32478.95,32535.4,0
2021-01-14 11:00:00,32535.9,32609.3,32511.6,32605.5,0
2021-01-14 11:15:00,32607.8,32658.9,32577.5,32645.2,0
2021-01-14 11:30:00,32649.8,32655.65,32600.8,32628.2,0
2021-01-14 11:45:00,32629.3,32636.4,32590.4,32608.7,0
2021-01-14 12:00:00,32612.8,32646.9,32592.35,32633.5,0
2021-01-14 12:15:00,32635.2,32660.15,32608.6,32641.1,0
2021-01-14 12:30:00,32641.9,32645.55,32573.5,32594.0,0
2021-01-14 12:45:00,32594.5,32618.2,32556.05,32590.2,0
2021-01-14 13:00:00,32590.9,32631.55,32559.35,32602.0,0
2021-01-14 13:15:00,32594.7,32598.65,32548.75,32564.3,0
2021-01-14 13:30:00,32566.2,32604.35,32529.4,32559.9,0
2021-01-14 13:45:00,32559.2,32601.95,32552.75,32572.8,0
2021-01-14 14:00:00,32574.7,32581.8,32517.35,32534.4,0
2021-01-14 14:15:00,32535.2,32554.7,32501.85,32512.9,0
2021-01-14 14:30:00,32511.9,32553.0,32464.45,32466.8,0
2021-01-14 14:45:00,32473.2,32507.1,32442.35,32447.6,0
2021-01-14 15:00:00,32448.1,32532.25,32444.55,32497.7,0
2021-01-14 15:15:00,32494.8,32570.1,32490.15,32561.3,0
2021-01-15 09:15:00,32508.9,32544.8,32417.0,32469.2,0
2021-01-15 09:30:00,32472.8,32472.85,32296.95,32314.7,0
2021-01-15 09:45:00,32315.6,32327.05,32194.05,32315.2,0
2021-01-15 10:00:00,32316.6,32364.85,32248.9,32318.7,0
2021-01-15 10:15:00,32324.3,32344.7,32238.9,32253.8,0
2021-01-15 10:30:00,32254.3,32264.0,32156.8,32254.7,0
2021-01-15 10:45:00,32248.6,32294.65,32226.4,32247.3,0
2021-01-15 11:00:00,32250.2,32265.6,32175.95,32220.6,0
2021-01-15 11:15:00,32221.8,32240.3,32088.75,32105.6,0
2021-01-15 11:30:00,32107.0,32242.1,32098.6,32237.2,0
2021-01-15 11:45:00,32239.8,32264.5,32202.3,32243.1,0
2021-01-15 12:00:00,32243.1,32294.15,32200.05,32294.2,0
2021-01-15 12:15:00,32284.4,32359.45,32253.55,32344.2,0
2021-01-15 12:30:00,32339.8,32404.9,32321.1,32401.4,0
2021-01-15 12:45:00,32405.7,32421.2,32341.75,32356.6,0
2021-01-15 13:00:00,32363.9,32398.7,32294.1,32317.7,0
2021-01-15 13:15:00,32317.0,32339.35,32273.45,32322.4,0
2021-01-15 13:30:00,32328.6,32378.5,32282.75,32358.8,0
2021-01-15 13:45:00,32358.4,32363.0,32187.05,32250.7,0
2021-01-15 14:00:00,32254.6,32254.8,32120.5,32153.2,0
2021-01-15 14:15:00,32156.6,32229.6,32044.35,32200.6,0
2021-01-15 14:30:00,32201.3,32267.2,32198.45,32227.7,0
2021-01-15 14:45:00,32233.1,32259.75,32202.9,32235.8,0
2021-01-15 15:00:00,32236.6,32264.85,32180.4,32235.2,0
2021-01-15 15:15:00,32234.6,32287.45,32232.3,32255.9,0
2021-01-18 09:15:00,32275.2,32441.5,32117.4,32279.0,0
2021-01-18 09:30:00,32281.2,32359.65,32198.7,32347.7,0
2021-01-18 09:45:00,32352.6,32419.3,32216.85,32225.3,0
2021-01-18 10:00:00,32229.9,32288.15,32190.7,32240.5,0
2021-01-18 10:15:00,32239.8,32272.8,32157.55,32184.3,0
2021-01-18 10:30:00,32181.8,32236.95,32145.75,32228.7,0
2021-01-18 10:45:00,32228.2,32260.15,32122.75,32134.8,0
2021-01-18 11:00:00,32135.1,32196.7,32067.0,32165.1,0
2021-01-18 11:15:00,32162.7,32192.75,32057.8,32090.8,0
2021-01-18 11:30:00,32085.3,32112.75,31942.3,31961.8,0
2021-01-18 11:45:00,31958.4,31997.65,31864.65,31871.2,0
2021-01-18 12:00:00,31870.6,31957.8,31851.05,31931.8,0
2021-01-18 12:15:00,31931.7,31996.0,31878.95,31894.3,0
2021-01-18 12:30:00,31893.3,31944.75,31809.25,31919.0,0
2021-01-18 12:45:00,31911.1,31959.3,31886.9,31934.5,0
2021-01-18 13:00:00,31935.4,31936.55,31846.55,31894.8,0
2021-01-18 13:15:00,31897.7,31937.45,31886.1,31907.5,0
2021-01-18 13:30:00,31907.6,32064.4,31837.3,32017.8,0
2021-01-18 13:45:00,32018.4,32090.5,31994.55,32068.7,0
2021-01-18 14:00:00,32067.9,32163.05,32040.45,32159.2,0
2021-01-18 14:15:00,32155.6,32171.3,32036.3,32043.4,0
2021-01-18 14:30:00,32047.1,32071.85,31952.65,31987.9,0
2021-01-18 14:45:00,31987.7,31996.7,31835.35,31910.1,0
2021-01-18 15:00:00,31914.8,31964.4,31812.5,31824.7,0
2021-01-18 15:15:00,31820.8,31855.7,31650.9,31678.6,0
2021-01-19 09:15:00,32082.9,32082.9,31953.25,32052.1,0
2021-01-19 09:30:00,32053.9,32096.5,31913.4,31919.9,0
2021-01-19 09:45:00,31914.7,32005.95,31863.95,31981.4,0
2021-01-19 10:00:00,31982.5,32075.7,31977.05,32067.2,0
2021-01-19 10:15:00,32065.1,32128.3,32057.65,32125.8,0
2021-01-19 10:30:00,32125.9,32145.15,32067.95,32095.6,0
2021-01-19 10:45:00,32102.4,32129.55,32058.6,32080.1,0
2021-01-19 11:00:00,32080.7,32085.5,32016.1,32027.8,0
2021-01-19 11:15:00,32027.7,32094.65,32019.5,32070.1,0
2021-01-19 11:30:00,32068.8,32092.4,32055.05,32069.3,0
2021-01-19 11:45:00,32069.8,32183.25,32062.6,32136.4,0
2021-01-19 12:00:00,32133.9,32222.3,32114.6,32190.9,0
2021-01-19 12:15:00,32188.8,32190.75,32136.25,32183.1,0
2021-01-19 12:30:00,32183.2,32233.65,32181.75,32196.3,0
2021-01-19 12:45:00,32195.1,32214.45,32139.85,32196.9,0
2021-01-19 13:00:00,32195.2,32235.0,32184.75,32185.1,0
2021-01-19 13:15:00,32188.7,32216.4,32161.2,32183.7,0
2021-01-19 13:30:00,32180.4,32246.7,32144.2,32228.6,0
2021-01-19 13:45:00,32227.5,32304.5,32226.3,32255.7,0
2021-01-19 14:00:00,32255.9,32263.25,32221.55,32245.6,0
2021-01-19 14:15:00,32248.7,32279.7,32226.7,32257.3,0
2021-01-19 14:30:00,32257.7,32419.5,32249.25,32410.3,0
2021-01-19 14:45:00,32414.2,32464.95,32390.65,32461.2,0
2021-01-19 15:00:00,32459.3,32459.3,32412.25,32436.9,0
2021-01-19 15:15:00,32437.6,32445.9,32376.9,32437.2,0
2021-01-20 09:15:00,32388.9,32497.3,32334.4,32455.1,0
2021-01-20 09:30:00,32457.2,32457.35,32322.9,32454.8,0
2021-01-20 09:45:00,32453.2,32489.25,32427.0,32428.6,0
2021-01-20 10:00:00,32430.5,32472.3,32427.4,32452.7,0
2021-01-20 10:15:00,32454.9,32506.4,32428.75,32446.3,0
2021-01-20 10:30:00,32449.1,32492.2,32402.0,32487.6,0
2021-01-20 10:45:00,32484.5,32582.05,32484.15,32563.8,0
2021-01-20 11:00:00,32564.7,32573.4,32523.85,32558.2,0
2021-01-20 11:15:00,32558.3,32598.9,32552.15,32574.2,0
2021-01-20 11:30:00,32574.6,32586.2,32535.95,32557.4,0
2021-01-20 11:45:00,32558.8,32566.5,32521.9,32560.9,0
2021-01-20 12:00:00,32561.1,32563.5,32473.5,32494.1,0
2021-01-20 12:15:00,32494.2,32510.1,32399.25,32409.8,0
2021-01-20 12:30:00,32407.3,32469.6,32374.7,32448.2,0
2021-01-20 12:45:00,32452.8,32523.35,32357.1,32482.7,0
2021-01-20 13:00:00,32488.8,32506.9,32434.15,32461.5,0
2021-01-20 13:15:00,32461.9,32483.05,32439.25,32467.3,0
2021-01-20 13:30:00,32468.6,32510.1,32414.65,32501.7,0
2021-01-20 13:45:00,32502.8,32513.2,32460.6,32492.9,0
2021-01-20 14:00:00,32493.9,32559.55,32483.85,32549.2,0
2021-01-20 14:15:00,32548.8,32596.8,32535.5,32596.8,0
2021-01-20 14:30:00,32598.2,32607.45,32538.8,32547.2,0
2021-01-20 14:45:00,32541.8,32591.6,32530.45,32589.7,0
2021-01-20 15:00:00,32590.4,32601.35,32530.9,32537.2,0
2021-01-20 15:15:00,32534.5,32553.3,32494.1,32496.9,0
2021-01-21 09:15:00,32732.8,32746.35,32634.55,32704.2,0
2021-01-21 09:30:00,32703.1,32736.6,32685.3,32687.2,0
2021-01-21 09:45:00,32685.6,32718.35,32675.7,32687.3,0
2021-01-21 10:00:00,32688.1,32721.65,32683.65,32700.2,0
2021-01-21 10:15:00,32697.5,32703.15,32656.85,32668.2,0
2021-01-21 10:30:00,32666.2,32691.3,32648.3,32667.9,0
2021-01-21 10:45:00,32668.1,32707.9,32639.15,32701.1,0
2021-01-21 11:00:00,32700.0,32738.25,32691.75,32731.2,0
2021-01-21 11:15:00,32731.8,32733.2,32699.45,32726.1,0
2021-01-21 11:30:00,32727.7,32736.2,32687.0,32691.9,0
2021-01-21 11:45:00,32692.8,32734.5,32658.95,32722.5,0
2021-01-21 12:00:00,32723.1,32726.8,32704.3,32724.3,0
2021-01-21 12:15:00,32723.1,32818.4,32722.75,32799.8,0
2021-01-21 12:30:00,32801.4,32842.3,32787.2,32794.4,0
2021-01-21 12:45:00,32796.8,32829.95,32756.4,32765.3,0
2021-01-21 13:00:00,32768.6,32796.9,32746.25,32790.1,0
2021-01-21 13:15:00,32791.0,32806.5,32767.05,32803.6,0
2021-01-21 13:30:00,32799.9,32807.75,32734.65,32763.3,0
2021-01-21 13:45:00,32763.9,32772.95,32688.6,32701.2,0
2021-01-21 14:00:00,32701.2,32716.2,32535.4,32559.6,0
2021-01-21 14:15:00,32559.2,32649.2,32557.9,32607.1,0
2021-01-21 14:30:00,32606.7,32606.8,32461.75,32466.8,0
2021-01-21 14:45:00,32466.1,32501.05,32272.5,32382.3,0
2021-01-21 15:00:00,32387.2,32390.2,31985.55,32147.2,0
2021-01-21 15:15:00,32150.6,32302.9,32121.8,32291.1,0
2021-01-22 09:15:00,32088.0,32131.4,31882.55,31892.3,0
2021-01-22 09:30:00,31892.8,31955.85,31827.5,31905.3,0
2021-01-22 09:45:00,31908.9,31981.2,31901.75,31931.9,0
2021-01-22 10:00:00,31932.7,31933.2,31863.05,31922.5,0
2021-01-22 10:15:00,31924.9,31979.9,31662.65,31771.9,0
2021-01-22 10:30:00,31773.2,31840.1,31744.0,31832.8,0
2021-01-22 10:45:00,31833.2,31867.05,31767.3,31776.2,0
2021-01-22 11:00:00,31771.2,31826.65,31727.45,31743.5,0
2021-01-22 11:15:00,31746.7,31749.3,31569.05,31669.9,0
2021-01-22 11:30:00,31669.1,31714.0,31594.85,31641.2,0
2021-01-22 11:45:00,31637.9,31708.45,31606.75,31703.4,0
2021-01-22 12:00:00,31700.6,31703.8,31539.4,31630.2,0
2021-01-22 12:15:00,31628.7,31690.2,31586.1,31612.5,0
2021-01-22 12:30:00,31610.5,31622.9,31520.15,31521.3,0
2021-01-22 12:45:00,31522.9,31558.3,31384.6,31421.8,0
2021-01-22 13:00:00,31413.5,31413.5,31256.45,31272.8,0
2021-01-22 13:15:00,31273.4,31435.1,31253.05,31386.6,0
2021-01-22 13:30:00,31386.6,31389.6,31132.65,31197.6,0
2021-01-22 13:45:00,31193.2,31297.45,31154.7,31158.8,0
2021-01-22 14:00:00,31157.5,31367.75,31157.4,31206.0,0
2021-01-22 14:15:00,31201.7,31333.95,31176.95,31328.0,0
2021-01-22 14:30:00,31330.5,31426.6,31153.9,31213.9,0
2021-01-22 14:45:00,31214.5,31304.55,31177.65,31272.6,0
2021-01-22 15:00:00,31276.2,31295.15,31119.9,31177.6,0
2021-01-22 15:15:00,31176.1,31216.9,31131.95,31177.9,0
2021-01-25 09:15:00,31507.2,31606.85,31438.6,31515.7,0
2021-01-25 09:30:00,31509.3,31561.15,31134.95,31204.5,0
2021-01-25 09:45:00,31205.6,31309.55,31013.65,31297.6,0
2021-01-25 10:00:00,31299.7,31554.9,31263.75,31468.8,0
2021-01-25 10:15:00,31471.8,31565.55,31471.75,31532.6,0
2021-01-25 10:30:00,31532.2,31697.55,31506.15,31533.0,0
2021-01-25 10:45:00,31531.1,31626.3,31452.25,31573.6,0
2021-01-25 11:00:00,31572.9,31638.75,31549.5,31631.5,0
2021-01-25 11:15:00,31635.3,31648.2,31430.25,31498.6,0
2021-01-25 11:30:00,31497.8,31567.45,31453.55,31461.4,0
2021-01-25 11:45:00,31460.0,31460.0,31347.05,31351.3,0
2021-01-25 12:00:00,31349.3,31495.0,31328.4,31449.2,0
2021-01-25 12:15:00,31447.4,31485.4,31391.3,31409.9,0
2021-01-25 12:30:00,31410.0,31537.9,31410.0,31502.3,0
2021-01-25 12:45:00,31505.9,31545.75,31460.05,31529.8,0
2021-01-25 13:00:00,31530.1,31578.4,31491.0,31570.9,0
2021-01-25 13:15:00,31572.1,31623.25,31505.0,31616.9,0
2021-01-25 13:30:00,31617.6,31617.6,31454.65,31474.3,0
2021-01-25 13:45:00,31473.1,31531.15,31398.35,31431.4,0
2021-01-25 14:00:00,31433.7,31488.75,31176.2,31297.3,0
2021-01-25 14:15:00,31296.8,31298.1,31072.9,31086.4,0
2021-01-25 14:30:00,31082.9,31249.65,31037.0,31207.0,0
2021-01-25 14:45:00,31207.8,31227.95,31119.4,31130.4,0
2021-01-25 15:00:00,31134.6,31307.05,31129.65,31246.3,0
2021-01-25 15:15:00,31249.7,31265.55,31133.75,31183.9,0
2021-01-27 09:15:00,31236.2,31287.05,30985.2,31099.9,0
2021-01-27 09:30:00,31108.2,31112.3,30901.0,30932.3,0
2021-01-27 09:45:00,30926.9,30941.1,30800.35,30880.9,0
2021-01-27 10:00:00,30881.2,30972.9,30848.65,30970.2,0
2021-01-27 10:15:00,30981.8,30982.6,30865.65,30892.5,0
2021-01-27 10:30:00,30891.2,31023.95,30871.15,30911.6,0
2021-01-27 10:45:00,30908.2,31005.6,30891.6,30978.7,0
2021-01-27 11:00:00,30980.8,31124.65,30933.95,31088.7,0
2021-01-27 11:15:00,31086.8,31190.85,31027.85,31104.8,0
2021-01-27 11:30:00,31107.3,31112.65,30848.85,30872.1,0
2021-01-27 11:45:00,30872.0,30891.2,30739.6,30760.5,0
2021-01-27 12:00:00,30755.7,30806.25,30727.7,30768.0,0
2021-01-27 12:15:00,30764.2,30834.25,30715.8,30778.3,0
2021-01-27 12:30:00,30776.9,30789.15,30664.65,30692.8,0
2021-01-27 12:45:00,30693.4,30717.75,30636.2,30697.3,0
2021-01-27 13:00:00,30710.6,30734.2,30625.45,30665.0,0
2021-01-27 13:15:00,30664.9,30709.2,30587.65,30615.3,0
2021-01-27 13:30:00,30617.8,30617.85,30410.0,30419.1,0
2021-01-27 13:45:00,30417.8,30492.7,30350.45,30360.7,0
2021-01-27 14:00:00,30364.4,30381.25,30241.95,30258.9,0
2021-01-27 14:15:00,30260.7,30339.3,30198.95,30284.0,0
2021-01-27 14:30:00,30281.9,30291.65,30165.65,30190.7,0
2021-01-27 14:45:00,30191.2,30379.35,30177.35,30288.4,0
2021-01-27 15:00:00,30288.9,30304.7,30215.15,30280.2,0
2021-01-27 15:15:00,30280.7,30346.95,30272.15,30295.8,0
2021-01-28 09:15:00,29812.3,30042.6,29691.65,29810.6,0
2021-01-28 09:30:00,29810.7,30053.45,29808.8,30014.3,0
2021-01-28 09:45:00,30006.7,30010.6,29901.45,29941.4,0
2021-01-28 10:00:00,29944.8,30005.1,29932.5,29965.3,0
2021-01-28 10:15:00,29967.3,30138.8,29909.5,29944.3,0
2021-01-28 10:30:00,29943.8,29961.7,29875.75,29901.3,0
2021-01-28 10:45:00,29900.8,30015.25,29897.45,29992.8,0
2021-01-28 11:00:00,29995.2,30050.35,29958.2,30002.9,0
2021-01-28 11:15:00,29998.9,30041.7,29980.0,30019.6,0
2021-01-28 11:30:00,30022.2,30022.15,29941.55,29985.1,0
2021-01-28 11:45:00,29985.8,30008.4,29957.9,29998.2,0
2021-01-28 12:00:00,30001.7,30029.85,29969.85,30002.2,0
2021-01-28 12:15:00,30000.8,30128.4,29902.35,29926.6,0
2021-01-28 12:30:00,29927.2,29955.35,29821.5,29858.7,0
2021-01-28 12:45:00,29858.8,29858.75,29775.95,29832.1,0
2021-01-28 13:00:00,29830.9,29831.05,29687.7,29753.6,0
2021-01-28 13:15:00,29750.3,30066.4,29749.95,30043.4,0
2021-01-28 13:30:00,30047.8,30115.4,29971.7,30111.8,0
2021-01-28 13:45:00,30114.1,30167.5,29944.0,29970.8,0
2021-01-28 14:00:00,29967.8,30081.8,29910.7,30050.4,0
2021-01-28 14:15:00,30046.1,30171.75,29981.9,29989.1,0
2021-01-28 14:30:00,29994.4,30090.35,29955.3,30038.7,0
2021-01-28 14:45:00,30039.7,30101.05,30004.55,30101.1,0
2021-01-28 15:00:00,30100.8,30403.9,30100.85,30394.8,0
2021-01-28 15:15:00,30401.9,30464.4,30343.8,30347.6,0
2021-01-29 09:15:00,30700.7,30732.5,30564.2,30595.7,0
2021-01-29 09:30:00,30592.2,30646.9,30478.65,30483.9,0
2021-01-29 09:45:00,30484.0,30563.65,30436.3,30462.6,0
2021-01-29 10:00:00,30460.8,30522.75,30401.8,30470.5,0
2021-01-29 10:15:00,30471.8,30531.45,30280.15,30326.8,0
2021-01-29 10:30:00,30328.7,30437.75,30254.55,30372.9,0
2021-01-29 10:45:00,30376.6,30498.75,30319.45,30474.9,0
2021-01-29 11:00:00,30472.8,30540.4,30468.45,30538.8,0
2021-01-29 11:15:00,30533.6,30539.15,30441.95,30483.6,0
2021-01-29 11:30:00,30483.6,30491.2,30397.3,30432.7,0
2021-01-29 11:45:00,30433.3,30514.4,30405.3,30451.7,0
2021-01-29 12:00:00,30453.7,30487.75,30401.15,30430.3,0
2021-01-29 12:15:00,30429.6,30597.65,30413.7,30543.5,0
2021-01-29 12:30:00,30543.7,30605.1,30516.95,30545.2,0
2021-01-29 12:45:00,30545.9,30628.55,30542.65,30571.9,0
2021-01-29 13:00:00,30569.6,30591.95,30458.35,30514.6,0
2021-01-29 13:15:00,30516.3,30635.75,30485.4,30541.6,0
2021-01-29 13:30:00,30543.9,30574.3,30434.15,30461.9,0
2021-01-29 13:45:00,30461.7,30564.95,30433.7,30526.6,0
2021-01-29 14:00:00,30527.7,30744.65,30470.25,30741.9,0
2021-01-29 14:15:00,30739.3,30960.45,30733.25,30913.7,0
2021-01-29 14:30:00,30914.2,31111.95,30866.1,30870.3,0
2021-01-29 14:45:00,30876.9,30912.0,30739.65,30766.3,0
2021-01-29 15:00:00,30768.1,30768.1,30434.75,30571.9,0
2021-01-29 15:15:00,30573.1,30660.65,30488.1,30612.8,0
2021-02-01 09:15:00,30976.3,31156.5,30922.6,31074.9,0
2021-02-01 09:30:00,31066.3,31114.2,30954.65,30977.6,0
2021-02-01 09:45:00,30975.8,31041.6,30906.45,31032.7,0
2021-02-01 10:00:00,31033.7,31151.95,31008.9,31133.2,0
2021-02-01 10:15:00,31135.8,31166.95,31050.8,31084.4,0
2021-02-01 10:30:00,31083.1,31141.75,31048.1,31133.8,0
2021-02-01 10:45:00,31129.2,31254.85,31089.15,31225.1,0
2021-02-01 11:00:00,31225.5,31332.9,31193.35,31213.3,0
2021-02-01 11:15:00,31210.4,31510.35,31192.15,31504.6,0
2021-02-01 11:30:00,31493.2,31542.85,31346.5,31421.2,0
2021-02-01 11:45:00,31420.8,31629.8,31414.85,31492.3,0
2021-02-01 12:00:00,31495.6,31579.8,31327.45,31327.4,0
2021-02-01 12:15:00,31334.4,31543.1,31231.9,31524.8,0
2021-02-01 12:30:00,31516.3,31564.4,31422.95,31446.4,0
2021-02-01 12:45:00,31445.6,32469.5,31404.75,32416.8,0
2021-02-01 13:00:00,32427.3,32542.55,32214.35,32303.9,0
2021-02-01 13:15:00,32315.8,32649.5,32301.05,32572.3,0
2021-02-01 13:30:00,32568.6,32799.2,32510.35,32739.8,0
2021-02-01 13:45:00,32739.2,32780.55,32542.6,32573.3,0
2021-02-01 14:00:00,32572.7,32638.65,32378.5,32444.1,0
2021-02-01 14:15:00,32435.6,32694.3,32358.4,32639.8,0
2021-02-01 14:30:00,32639.6,32997.15,32639.6,32975.7,0
2021-02-01 14:45:00,32969.2,33049.1,32885.1,33014.9,0
2021-02-01 15:00:00,33011.9,33131.15,32978.2,33051.8,0
2021-02-01 15:15:00,33045.4,33305.3,32990.8,33269.1,0
2021-02-02 09:15:00,33589.1,34261.85,33583.15,34246.8,0
2021-02-02 09:30:00,34244.9,34652.5,34201.35,34381.9,0
2021-02-02 09:45:00,34380.1,34519.7,34267.75,34500.1,0
2021-02-02 10:00:00,34505.6,34520.65,34294.9,34315.0,0
2021-02-02 10:15:00,34314.4,34350.75,33880.15,34045.6,0
2021-02-02 10:30:00,34045.6,34148.0,33848.85,33870.2,0
2021-02-02 10:45:00,33869.4,34100.0,33788.8,34093.8,0
2021-02-02 11:00:00,34092.0,34184.65,34032.0,34104.6,0
2021-02-02 11:15:00,34110.2,34153.35,33974.1,33979.9,0
2021-02-02 11:30:00,33974.4,34032.35,33817.9,33880.8,0
2021-02-02 11:45:00,33873.9,33873.95,33700.1,33783.7,0
2021-02-02 12:00:00,33782.7,34073.3,33730.2,34064.6,0
2021-02-02 12:15:00,34065.5,34068.15,33916.4,33994.2,0
2021-02-02 12:30:00,33995.4,34051.8,33883.6,33901.9,0
2021-02-02 12:45:00,33890.9,33950.75,33839.05,33932.2,0
2021-02-02 13:00:00,33930.6,34212.25,33909.7,34126.0,0
2021-02-02 13:15:00,34129.3,34152.5,34024.05,34098.3,0
2021-02-02 13:30:00,34100.2,34246.6,34038.15,34161.6,0
2021-02-02 13:45:00,34161.4,34232.75,33952.85,34109.1,0
2021-02-02 14:00:00,34109.8,34306.75,34109.8,34296.2,0
2021-02-02 14:15:00,34297.6,34429.1,34257.45,34361.2,0
2021-02-02 14:30:00,34360.6,34391.3,34303.75,34329.8,0
2021-02-02 14:45:00,34334.8,34334.75,34136.75,34289.7,0
2021-02-02 15:00:00,34293.1,34343.6,34186.05,34228.5,0
2021-02-02 15:15:00,34228.5,34327.1,34166.4,34315.3,0
2021-02-03 09:15:00,34555.6,34555.6,34011.9,34279.4,0
2021-02-03 09:30:00,34271.6,34449.5,34191.25,34382.7,0
2021-02-03 09:45:00,34374.2,34401.85,34258.35,34393.7,0
2021-02-03 10:00:00,34390.0,34436.9,34325.75,34393.9,0
2021-02-03 10:15:00,34395.4,34608.95,34395.45,34580.4,0
2021-02-03 10:30:00,34585.2,34682.85,34573.55,34643.6,0
2021-02-03 10:45:00,34637.7,34654.25,34569.15,34616.2,0
2021-02-03 11:00:00,34616.2,34666.15,34522.75,34573.7,0
2021-02-03 11:15:00,34571.9,34744.0,34570.15,34702.1,0
2021-02-03 11:30:00,34702.2,34776.45,34669.15,34669.1,0
2021-02-03 11:45:00,34667.1,34695.7,34525.85,34639.1,0
2021-02-03 12:00:00,34642.0,34669.2,34586.7,34603.7,0
2021-02-03 12:15:00,34599.9,34696.4,34598.95,34613.1,0
2021-02-03 12:30:00,34611.2,34712.45,34611.25,34685.8,0
2021-02-03 12:45:00,34679.6,34729.1,34649.6,34676.8,0
2021-02-03 13:00:00,34677.2,34829.95,34623.4,34765.3,0
2021-02-03 13:15:00,34767.6,34856.8,34727.3,34742.1,0
2021-02-03 13:30:00,34744.6,34764.0,34683.9,34763.6,0
2021-02-03 13:45:00,34765.1,34795.15,34711.95,34748.9,0
2021-02-03 14:00:00,34750.3,34793.95,34583.2,34640.1,0
2021-02-03 14:15:00,34639.2,34879.0,34587.35,34838.6,0
2021-02-03 14:30:00,34837.0,34908.05,34807.45,34846.1,0
2021-02-03 14:45:00,34847.4,34872.6,34655.35,34833.8,0
2021-02-03 15:00:00,34833.7,34834.55,34695.1,34770.9,0
2021-02-03 15:15:00,34771.0,34807.55,34682.7,34696.4,0
2021-02-04 09:15:00,34548.9,34591.95,34307.0,34357.7,0
2021-02-04 09:30:00,34360.4,34410.65,34316.5,34384.4,0
2021-02-04 09:45:00,34384.1,34410.6,34351.95,34370.6,0
2021-02-04 10:00:00,34373.9,34375.55,34259.65,34318.9,0
2021-02-04 10:15:00,34316.7,34359.6,34290.3,34351.4,0
2021-02-04 10:30:00,34351.8,34351.75,34297.8,34318.1,0
2021-02-04 10:45:00,34316.8,34326.5,34238.9,34316.9,0
2021-02-04 11:00:00,34321.2,34563.55,34310.8,34530.9,0
2021-02-04 11:15:00,34532.4,34660.85,34532.35,34589.4,0
2021-02-04 11:30:00,34592.9,34769.4,34522.0,34768.0,0
2021-02-04 11:45:00,34767.6,34782.3,34716.75,34757.4,0
2021-02-04 12:00:00,34756.2,34844.75,34741.95,34821.6,0
2021-02-04 12:15:00,34825.7,34992.2,34824.0,34984.2,0
2021-02-04 12:30:00,34983.6,35062.1,34902.15,34944.9,0
2021-02-04 12:45:00,34947.1,34993.35,34819.3,34830.9,0
2021-02-04 13:00:00,34831.8,34947.3,34789.25,34893.6,0
2021-02-04 13:15:00,34896.4,34988.35,34872.4,34934.5,0
2021-02-04 13:30:00,34934.9,34977.5,34796.05,34941.1,0
2021-02-04 13:45:00,34942.4,35002.3,34849.15,34903.1,0
2021-02-04 14:00:00,34904.8,35158.95,34896.75,35141.4,0
2021-02-04 14:15:00,35141.8,35143.25,35061.75,35132.0,0
2021-02-04 14:30:00,35132.0,35195.95,35028.15,35189.0,0
2021-02-04 14:45:00,35189.9,35405.6,35189.9,35339.1,0
2021-02-04 15:00:00,35338.4,35413.15,35305.9,35307.5,0
2021-02-04 15:15:00,35309.6,35363.2,35287.85,35322.4,0
2021-02-05 09:15:00,35634.9,36204.85,35611.25,36158.0,0
2021-02-05 09:30:00,36158.4,36520.05,36026.4,36426.2,0
2021-02-05 09:45:00,36422.1,36492.15,36249.2,36340.8,0
2021-02-05 10:00:00,36332.5,36615.2,36312.8,36319.1,0
2021-02-05 10:15:00,36316.4,36434.95,36076.2,36212.3,0
2021-02-05 10:30:00,36215.4,36428.25,36121.9,36231.1,0
2021-02-05 10:45:00,36229.0,36249.6,35826.25,36023.3,0
2021-02-05 11:00:00,36020.9,36196.35,36018.35,36151.8,0
2021-02-05 11:15:00,36152.6,36246.75,36120.2,36179.4,0
2021-02-05 11:30:00,36184.9,36264.5,36081.75,36131.1,0
2021-02-05 11:45:00,36127.9,36238.0,36099.25,36192.6,0
2021-02-05 12:00:00,36190.6,36197.85,36111.7,36153.4,0
2021-02-05 12:15:00,36151.5,36170.4,35884.65,35985.6,0
2021-02-05 12:30:00,35984.9,36039.65,35883.05,35895.8,0
2021-02-05 12:45:00,35896.9,36019.25,35862.55,35904.7,0
2021-02-05 13:00:00,35908.0,35963.15,35722.25,35737.1,0
2021-02-05 13:15:00,35738.6,35880.05,35683.3,35833.7,0
2021-02-05 13:30:00,35833.1,35856.7,35634.0,35711.3,0
2021-02-05 13:45:00,35715.2,35979.1,35646.2,35745.8,0
2021-02-05 14:00:00,35746.6,35837.35,35703.8,35808.1,0
2021-02-05 14:15:00,35809.0,35887.45,35699.8,35710.4,0
2021-02-05 14:30:00,35712.1,35813.3,35545.0,35679.6,0
2021-02-05 14:45:00,35687.6,35761.0,35618.6,35654.9,0
2021-02-05 15:00:00,35655.4,35699.95,35557.1,35607.3,0
2021-02-05 15:15:00,35611.9,35763.25,35580.55,35753.9,0
2021-02-08 09:15:00,36073.9,36445.35,36021.1,36399.0,0
2021-02-08 09:30:00,36399.1,36466.45,36168.05,36267.8,0
2021-02-08 09:45:00,36268.6,36332.2,36251.05,36256.1,0
2021-02-08 10:00:00,36257.3,36445.8,36236.55,36375.4,0
2021-02-08 10:15:00,36371.3,36409.6,36316.8,36385.1,0
2021-02-08 10:30:00,36386.1,36457.95,36302.1,36331.4,0
2021-02-08 10:45:00,36336.8,36350.1,36274.95,36290.1,0
2021-02-08 11:00:00,36292.8,36326.25,36230.85,36262.8,0
2021-02-08 11:15:00,36261.4,36288.65,36147.95,36156.8,0
2021-02-08 11:30:00,36159.4,36236.45,36131.4,36172.9,0
2021-02-08 11:45:00,36175.1,36277.65,36138.05,36227.8,0
2021-02-08 12:00:00,36233.9,36233.85,35987.25,36047.1,0
2021-02-08 12:15:00,36049.4,36049.4,35872.25,35946.0,0
2021-02-08 12:30:00,35948.6,36134.75,35935.35,36078.6,0
2021-02-08 12:45:00,36078.8,36087.1,35946.4,36024.5,0
2021-02-08 13:00:00,36026.5,36123.3,36017.6,36123.2,0
2021-02-08 13:15:00,36118.9,36134.0,36056.6,36105.1,0
2021-02-08 13:30:00,36105.1,36106.6,35995.75,36005.8,0
2021-02-08 13:45:00,36004.9,36221.2,35979.65,36202.5,0
2021-02-08 14:00:00,36205.8,36246.5,36097.0,36109.1,0
2021-02-08 14:15:00,36103.9,36153.85,36031.25,36090.4,0
2021-02-08 14:30:00,36087.3,36120.85,36010.75,36034.1,0
2021-02-08 14:45:00,36035.8,36072.6,35913.35,35951.1,0
2021-02-08 15:00:00,35954.7,36029.7,35919.2,36007.5,0
2021-02-08 15:15:00,36008.7,36033.85,35937.5,35995.5,0
2021-02-09 09:15:00,36058.8,36075.35,35743.25,35794.1,0
2021-02-09 09:30:00,35791.4,35848.15,35679.45,35698.6,0
2021-02-09 09:45:00,35699.4,35776.4,35636.85,35763.4,0
2021-02-09 10:00:00,35764.2,35872.75,35743.95,35803.4,0
2021-02-09 10:15:00,35805.2,36049.55,35746.35,36046.7,0
2021-02-09 10:30:00,36049.5,36193.6,36037.05,36102.1,0
2021-02-09 10:45:00,36103.6,36271.0,36103.55,36185.6,0
2021-02-09 11:00:00,36180.7,36268.3,36172.1,36226.4,0
2021-02-09 11:15:00,36224.5,36304.5,36224.5,36268.5,0
2021-02-09 11:30:00,36270.1,36358.25,36264.15,36296.4,0
2021-02-09 11:45:00,36295.1,36376.55,36293.15,36362.1,0
2021-02-09 12:00:00,36360.9,36363.85,36230.8,36306.4,0
2021-02-09 12:15:00,36306.2,36309.3,36202.7,36278.8,0
2021-02-09 12:30:00,36278.4,36351.45,36277.8,36320.2,0
2021-02-09 12:45:00,36321.9,36337.2,36267.8,36297.1,0
2021-02-09 13:00:00,36300.6,36389.05,36290.95,36349.9,0
2021-02-09 13:15:00,36351.6,36366.25,36302.6,36353.1,0
2021-02-09 13:30:00,36351.1,36425.05,36306.0,36374.5,0
2021-02-09 13:45:00,36377.4,36379.45,36306.85,36327.8,0
2021-02-09 14:00:00,36328.0,36415.9,36266.2,36388.4,0
2021-02-09 14:15:00,36390.6,36477.15,36340.9,36353.5,0
2021-02-09 14:30:00,36354.6,36377.5,36222.45,36282.4,0
2021-02-09 14:45:00,36281.9,36281.9,36075.25,36160.5,0
2021-02-09 15:00:00,36159.4,36168.7,35921.1,36080.4,0
2021-02-09 15:15:00,36078.6,36135.45,35991.15,35996.6,0
2021-02-10 09:15:00,36042.4,36227.2,35824.9,35857.3,0
2021-02-10 09:30:00,35854.6,36089.5,35853.65,35925.9,0
2021-02-10 09:45:00,35922.2,36076.5,35881.45,35934.9,0
2021-02-10 10:00:00,35931.3,35983.05,35879.75,35887.0,0
2021-02-10 10:15:00,35888.9,35893.6,35768.1,35800.5,0
2021-02-10 10:30:00,35794.4,35856.65,35708.85,35773.1,0
2021-02-10 10:45:00,35774.9,35889.3,35764.65,35872.9,0
2021-02-10 11:00:00,35872.4,35928.55,35825.65,35879.2,0
2021-02-10 11:15:00,35879.6,35982.05,35871.15,35939.4,0
2021-02-10 11:30:00,35939.9,35994.55,35884.35,35970.4,0
2021-02-10 11:45:00,35970.5,36042.6,35958.0,36006.4,0
2021-02-10 12:00:00,36005.7,36045.8,35880.1,35915.2,0
2021-02-10 12:15:00,35916.9,35933.25,35837.3,35908.4,0
2021-02-10 12:30:00,35908.9,35955.15,35876.7,35894.7,0
2021-02-10 12:45:00,35892.8,35972.5,35847.1,35873.3,0
2021-02-10 13:00:00,35874.9,35883.15,35813.7,35843.1,0
2021-02-10 13:15:00,35840.9,35884.2,35741.2,35760.1,0
2021-02-10 13:30:00,35759.8,35777.6,35593.7,35635.5,0
2021-02-10 13:45:00,35635.2,35663.5,35552.2,35656.3,0
2021-02-10 14:00:00,35655.8,35678.9,35531.4,35621.9,0
2021-02-10 14:15:00,35623.1,35659.15,35570.35,35629.6,0
2021-02-10 14:30:00,35626.9,35738.75,35624.7,35682.1,0
2021-02-10 14:45:00,35681.2,35708.5,35428.15,35608.1,0
2021-02-10 15:00:00,35607.1,35774.25,35604.5,35774.2,0
2021-02-10 15:15:00,35770.7,35907.3,35770.7,35901.6,0
2021-02-11 09:15:00,35687.2,35894.25,35676.1,35851.6,0
2021-02-11 09:30:00,35851.1,35955.85,35753.8,35910.9,0
2021-02-11 09:45:00,35910.1,36009.45,35897.65,35972.3,0
2021-02-11 10:00:00,35977.0,35990.3,35883.75,35885.8,0
2021-02-11 10:15:00,35883.1,35943.9,35859.35,35876.0,0
2021-02-11 10:30:00,35876.4,35907.4,35834.0,35890.6,0
2021-02-11 10:45:00,35891.6,35893.2,35833.0,35852.1,0
2021-02-11 11:00:00,35851.8,35852.3,35742.85,35742.9,0
2021-02-11 11:15:00,35744.2,35822.15,35723.85,35780.2,0
2021-02-11 11:30:00,35782.1,35820.2,35778.8,35803.2,0
2021-02-11 11:45:00,35803.2,35848.4,35693.1,35695.6,0
2021-02-11 12:00:00,35695.4,35769.45,35682.0,35757.9,0
2021-02-11 12:15:00,35765.8,35874.65,35717.4,35865.0,0
2021-02-11 12:30:00,35859.9,35926.55,35821.9,35836.1,0
2021-02-11 12:45:00,35835.4,35865.6,35660.35,35698.0,0
2021-02-11 13:00:00,35700.6,35749.45,35626.25,35749.4,0
2021-02-11 13:15:00,35747.2,35747.25,35573.3,35677.5,0
2021-02-11 13:30:00,35675.2,35696.65,35611.2,35626.1,0
2021-02-11 13:45:00,35624.1,35752.25,35608.45,35742.6,0
2021-02-11 14:00:00,35744.0,35797.4,35628.6,35688.2,0
2021-02-11 14:15:00,35690.7,35842.05,35675.35,35767.6,0
2021-02-11 14:30:00,35770.6,35803.8,35702.25,35760.7,0
2021-02-11 14:45:00,35760.6,35796.15,35686.75,35688.1,0
2021-02-11 15:00:00,35679.8,35810.95,35633.25,35751.9,0
2021-02-11 15:15:00,35753.3,35800.4,35743.1,35789.1,0
2021-02-12 09:15:00,35736.6,35904.6,35726.1,35745.3,0
2021-02-12 09:30:00,35749.8,35811.9,35700.25,35782.1,0
2021-02-12 09:45:00,35782.1,35855.45,35750.35,35799.1,0
2021-02-12 10:00:00,35785.9,35893.85,35751.75,35855.9,0
2021-02-12 10:15:00,35856.6,35890.05,35821.0,35875.7,0
2021-02-12 10:30:00,35878.4,36042.3,35866.0,36009.7,0
2021-02-12 10:45:00,36009.8,36119.75,36009.7,36111.2,0
2021-02-12 11:00:00,36115.0,36171.4,36078.35,36136.7,0
2021-02-12 11:15:00,36143.6,36208.5,36094.1,36157.6,0
2021-02-12 11:30:00,36155.6,36180.25,36097.0,36118.4,0
2021-02-12 11:45:00,36121.6,36161.2,36081.3,36087.9,0
2021-02-12 12:00:00,36086.6,36132.75,36027.35,36052.9,0
2021-02-12 12:15:00,36050.2,36121.85,36050.2,36111.3,0
2021-02-12 12:30:00,36109.9,36169.6,36093.0,36118.4,0
2021-02-12 12:45:00,36121.5,36247.65,36110.4,36241.6,0
2021-02-12 13:00:00,36238.4,36315.0,36227.0,36290.9,0
2021-02-12 13:15:00,36291.9,36322.8,36220.15,36240.4,0
2021-02-12 13:30:00,36244.4,36258.25,36108.05,36155.8,0
2021-02-12 13:45:00,36157.7,36194.15,36047.25,36056.2,0
2021-02-12 14:00:00,36053.4,36098.2,35931.2,36008.3,0
2021-02-12 14:15:00,36010.7,36123.85,35991.0,36065.9,0
2021-02-12 14:30:00,36059.4,36122.1,36030.15,36059.1,0
2021-02-12 14:45:00,36060.2,36110.75,36025.3,36065.0,0
2021-02-12 15:00:00,36069.0,36101.8,36056.05,36093.9,0
2021-02-12 15:15:00,36093.8,36174.5,36090.05,36124.2,0
2021-02-15 09:15:00,36501.4,36819.5,36405.1,36814.6,0
2021-02-15 09:30:00,36812.2,36837.35,36705.15,36723.8,0
2021-02-15 09:45:00,36722.2,36747.65,36668.7,36711.1,0
2021-02-15 10:00:00,36712.1,36748.7,36640.5,36730.9,0
2021-02-15 10:15:00,36728.1,36767.95,36694.65,36698.2,0
2021-02-15 10:30:00,36698.3,36737.05,36682.9,36723.0,0
2021-02-15 10:45:00,36723.4,36791.45,36695.35,36763.3,0
2021-02-15 11:00:00,36764.1,36830.0,36733.9,36828.6,0
2021-02-15 11:15:00,36826.6,36834.9,36764.9,36808.1,0
2021-02-15 11:30:00,36809.9,36853.75,36803.4,36818.6,0
2021-02-15 11:45:00,36822.1,36822.15,36755.95,36794.1,0
2021-02-15 12:00:00,36792.9,36803.55,36740.9,36787.4,0
2021-02-15 12:15:00,36791.2,36886.7,36748.9,36880.7,0
2021-02-15 12:30:00,36877.8,36947.55,36866.95,36921.6,0
2021-02-15 12:45:00,36925.4,36945.4,36897.35,36926.1,0
2021-02-15 13:00:00,36930.9,37012.65,36930.85,36970.7,0
2021-02-15 13:15:00,36972.4,36976.5,36921.25,36932.2,0
2021-02-15 13:30:00,36932.3,37042.8,36901.5,36962.1,0
2021-02-15 13:45:00,36962.9,37030.9,36953.45,37010.4,0
2021-02-15 14:00:00,37008.1,37156.75,36988.0,37102.5,0
2021-02-15 14:15:00,37102.8,37132.35,37008.45,37063.1,0
2021-02-15 14:30:00,37062.1,37175.2,37045.9,37169.6,0
2021-02-15 14:45:00,37169.6,37205.05,37109.5,37165.7,0
2021-02-15 15:00:00,37166.5,37308.6,37125.6,37280.1,0
2021-02-15 15:15:00,37278.6,37449.9,37244.35,37426.6,0
2021-02-16 09:15:00,37492.6,37708.75,37480.2,37662.8,0
2021-02-16 09:30:00,37673.1,37685.95,37579.85,37592.8,0
2021-02-16 09:45:00,37590.5,37625.55,37253.3,37296.0,0
2021-02-16 10:00:00,37295.9,37378.3,37191.7,37309.9,0
2021-02-16 10:15:00,37308.5,37316.4,37233.5,37281.1,0
2021-02-16 10:30:00,37280.4,37443.2,37255.85,37408.6,0
2021-02-16 10:45:00,37411.8,37459.55,37239.75,37302.4,0
2021-02-16 11:00:00,37303.0,37341.25,37254.4,37264.7,0
2021-02-16 11:15:00,37263.1,37284.1,37124.45,37169.8,0
2021-02-16 11:30:00,37168.5,37240.4,37106.5,37217.9,0
2021-02-16 11:45:00,37216.4,37257.05,37081.6,37147.8,0
2021-02-16 12:00:00,37151.6,37210.8,37138.05,37146.6,0
2021-02-16 12:15:00,37145.3,37171.75,37109.45,37132.4,0
2021-02-16 12:30:00,37132.3,37238.55,36983.35,37001.3,0
2021-02-16 12:45:00,37002.9,37092.5,36969.7,37048.2,0
2021-02-16 13:00:00,37047.1,37048.85,36820.95,36882.4,0
2021-02-16 13:15:00,36884.9,36955.25,36822.7,36927.7,0
2021-02-16 13:30:00,36925.0,37039.6,36871.7,36931.1,0
2021-02-16 13:45:00,36932.1,36950.95,36762.75,36785.4,0
2021-02-16 14:00:00,36787.9,36898.1,36773.95,36871.4,0
2021-02-16 14:15:00,36873.9,36978.6,36835.5,36943.5,0
2021-02-16 14:30:00,36943.4,37136.8,36943.35,37044.0,0
2021-02-16 14:45:00,37045.9,37139.2,36984.5,37119.3,0
2021-02-16 15:00:00,37121.4,37152.35,36998.5,37093.3,0
2021-02-16 15:15:00,37096.3,37168.0,37049.15,37127.4,0
2021-02-17 09:15:00,37041.9,37097.9,36841.95,37011.8,0
2021-02-17 09:30:00,37010.9,37018.2,36791.5,36873.1,0
2021-02-17 09:45:00,36876.1,36907.4,36821.5,36844.6,0
2021-02-17 10:00:00,36842.6,36960.55,36764.25,36939.8,0
2021-02-17 10:15:00,36940.2,37116.4,36904.6,37006.1,0
2021-02-17 10:30:00,37010.0,37139.55,36968.0,37132.8,0
2021-02-17 10:45:00,37125.4,37179.15,37083.05,37165.0,0
2021-02-17 11:00:00,37161.1,37331.45,37161.1,37253.2,0
2021-02-17 11:15:00,37267.4,37297.1,37214.75,37232.2,0
2021-02-17 11:30:00,37229.9,37282.4,37179.45,37226.6,0
2021-02-17 11:45:00,37224.4,37283.5,37187.3,37246.1,0
2021-02-17 12:00:00,37249.1,37249.05,37144.2,37179.7,0
2021-02-17 12:15:00,37183.8,37273.8,37139.8,37269.6,0
2021-02-17 12:30:00,37272.1,37316.15,37195.4,37196.1,0
2021-02-17 12:45:00,37200.0,37222.35,37029.7,37037.1,0
2021-02-17 13:00:00,37037.5,37037.5,36915.7,36991.4,0
2021-02-17 13:15:00,36993.2,37045.6,36932.9,36935.9,0
2021-02-17 13:30:00,36937.5,36974.6,36791.45,36870.9,0
2021-02-17 13:45:00,36871.6,37033.05,36827.65,36973.2,0
2021-02-17 14:00:00,36973.8,37005.45,36930.55,36979.9,0
2021-02-17 14:15:00,36979.8,37040.05,36896.2,36954.6,0
2021-02-17 14:30:00,36962.3,37049.25,36919.65,36919.6,0
2021-02-17 14:45:00,36923.6,37028.5,36912.3,36969.4,0
2021-02-17 15:00:00,36966.8,37004.45,36876.85,36936.8,0
2021-02-17 15:15:00,36933.0,36948.25,36839.9,36864.6,0
2021-02-18 09:15:00,37108.8,37108.75,36822.8,36836.6,0
2021-02-18 09:30:00,36838.0,36870.85,36737.6,36818.0,0
2021-02-18 09:45:00,36815.9,36913.15,36778.65,36900.3,0
2021-02-18 10:00:00,36902.0,36935.45,36792.75,36837.2,0
2021-02-18 10:15:00,36837.2,36940.75,36778.05,36925.1,0
2021-02-18 10:30:00,36919.3,36962.7,36886.0,36929.0,0
2021-02-18 10:45:00,36930.6,36973.6,36875.85,36894.1,0
2021-02-18 11:00:00,36895.9,36916.25,36842.85,36852.6,0
2021-02-18 11:15:00,36851.9,36865.1,36776.8,36781.5,0
2021-02-18 11:30:00,36782.0,36808.4,36685.15,36690.9,0
2021-02-18 11:45:00,36689.1,36742.95,36647.95,36742.9,0
2021-02-18 12:00:00,36741.9,36749.1,36661.6,36668.4,0
2021-02-18 12:15:00,36666.8,36668.3,36516.6,36545.6,0
2021-02-18 12:30:00,36546.3,36563.85,36452.15,36454.6,0
2021-02-18 12:45:00,36456.2,36578.8,36445.1,36571.4,0
2021-02-18 13:00:00,36571.8,36598.4,36476.1,36540.0,0
2021-02-18 13:15:00,36540.3,36565.25,36399.7,36403.3,0
2021-02-18 13:30:00,36402.2,36448.2,36370.15,36431.9,0
2021-02-18 13:45:00,36429.4,36495.95,36367.45,36414.3,0
2021-02-18 14:00:00,36414.8,36593.25,36381.25,36593.2,0
2021-02-18 14:15:00,36604.3,36637.85,36525.95,36548.2,0
2021-02-18 14:30:00,36549.1,36667.15,36546.15,36662.8,0
2021-02-18 14:45:00,36661.1,36661.1,36532.9,36541.1,0
2021-02-18 15:00:00,36543.7,36620.8,36543.65,36595.6,0
2021-02-18 15:15:00,36598.3,36616.1,36558.85,36604.5,0
2021-02-19 09:15:00,36371.6,36395.5,36143.0,36151.1,0
2021-02-19 09:30:00,36150.1,36362.0,36124.4,36340.4,0
2021-02-19 09:45:00,36340.8,36411.95,36294.9,36355.4,0
2021-02-19 10:00:00,36354.1,36577.85,36278.55,36522.4,0
2021-02-19 10:15:00,36529.6,36609.5,36501.2,36508.9,0
2021-02-19 10:30:00,36508.9,36656.2,36507.05,36570.5,0
2021-02-19 10:45:00,36572.1,36572.05,36381.15,36381.1,0
2021-02-19 11:00:00,36379.2,36425.1,36325.7,36388.4,0
2021-02-19 11:15:00,36400.6,36447.2,36326.1,36438.9,0
2021-02-19 11:30:00,36446.6,36446.65,36351.05,36392.2,0
2021-02-19 11:45:00,36393.5,36505.65,36377.5,36398.6,0
2021-02-19 12:00:00,36397.6,36436.05,36362.75,36400.3,0
2021-02-19 12:15:00,36402.1,36409.3,36341.85,36359.8,0
2021-02-19 12:30:00,36359.9,36362.45,36280.45,36346.9,0
2021-02-19 12:45:00,36350.1,36397.8,36243.8,36268.1,0
2021-02-19 13:00:00,36268.3,36321.1,36206.1,36273.4,0
2021-02-19 13:15:00,36271.6,36274.1,36130.3,36153.5,0
2021-02-19 13:30:00,36151.4,36178.95,36043.85,36129.9,0
2021-02-19 13:45:00,36131.1,36152.05,36073.65,36078.2,0
2021-02-19 14:00:00,36076.4,36106.7,35637.2,35683.5,0
2021-02-19 14:15:00,35683.6,35865.95,35680.2,35859.2,0
2021-02-19 14:30:00,35855.2,35902.5,35709.4,35718.0,0
2021-02-19 14:45:00,35716.9,35778.05,35584.6,35607.5,0
2021-02-19 15:00:00,35606.2,35950.5,35606.2,35940.4,0
2021-02-19 15:15:00,35938.8,35998.45,35805.85,35928.7,0
2021-02-22 09:15:00,35874.3,36073.2,35659.65,36073.2,0
2021-02-22 09:30:00,36068.4,36128.9,35957.3,36034.6,0
2021-02-22 09:45:00,36028.6,36049.85,35820.95,35833.1,0
2021-02-22 10:00:00,35829.9,35884.8,35744.55,35780.9,0
2021-02-22 10:15:00,35777.5,35849.2,35726.95,35789.8,0
2021-02-22 10:30:00,35790.0,35908.65,35788.55,35805.2,0
2021-02-22 10:45:00,35799.9,35839.7,35764.45,35771.6,0
2021-02-22 11:00:00,35771.9,35771.9,35651.85,35693.9,0
2021-02-22 11:15:00,35693.6,35745.5,35501.1,35507.3,0
2021-02-22 11:30:00,35505.6,35619.65,35500.5,35563.1,0
2021-02-22 11:45:00,35560.4,35624.0,35526.8,35553.3,0
2021-02-22 12:00:00,35554.0,35593.2,35442.55,35501.6,0
2021-02-22 12:15:00,35499.2,35568.95,35438.3,35560.7,0
2021-02-22 12:30:00,35562.4,35593.55,35498.35,35536.0,0
2021-02-22 12:45:00,35552.6,35562.5,35350.2,35397.8,0
2021-02-22 13:00:00,35394.8,35493.0,35368.8,35451.9,0
2021-02-22 13:15:00,35453.8,35485.1,35423.15,35445.3,0
2021-02-22 13:30:00,35440.4,35444.45,35263.45,35274.9,0
2021-02-22 13:45:00,35274.4,35330.55,35222.05,35248.8,0
2021-02-22 14:00:00,35247.1,35389.3,35174.0,35203.0,0
2021-02-22 14:15:00,35200.4,35239.2,35097.55,35212.3,0
2021-02-22 14:30:00,35210.1,35364.15,35175.9,35356.1,0
2021-02-22 14:45:00,35354.1,35522.2,35312.8,35406.4,0
2021-02-22 15:00:00,35395.2,35424.7,35275.45,35281.5,0
2021-02-22 15:15:00,35284.1,35315.15,35137.35,35165.5,0
2021-02-23 09:15:00,35540.6,35544.1,35286.0,35406.4,0
2021-02-23 09:30:00,35409.4,35480.25,35195.4,35207.1,0
2021-02-23 09:45:00,35205.1,35360.85,35149.45,35281.4,0
2021-02-23 10:00:00,35282.1,35428.1,35280.85,35393.7,0
2021-02-23 10:15:00,35388.9,35487.1,35345.35,35449.2,0
2021-02-23 10:30:00,35451.4,35680.85,35446.95,35612.8,0
2021-02-23 10:45:00,35606.0,35611.85,35484.75,35491.6,0
2021-02-23 11:00:00,35489.1,35541.4,35422.05,35499.6,0
2021-02-23 11:15:00,35501.4,35533.65,35307.35,35331.6,0
2021-02-23 11:30:00,35329.5,35338.3,35109.55,35114.2,0
2021-02-23 11:45:00,35116.7,35282.85,34976.0,35276.1,0
2021-02-23 12:00:00,35277.6,35277.65,35128.3,35137.8,0
2021-02-23 12:15:00,35135.1,35237.65,35107.2,35191.9,0
2021-02-23 12:30:00,35192.9,35201.0,35037.75,35142.1,0
2021-02-23 12:45:00,35140.3,35175.6,35063.9,35144.9,0
2021-02-23 13:00:00,35144.5,35348.85,35141.05,35320.8,0
2021-02-23 13:15:00,35310.1,35339.95,35177.4,35278.6,0
2021-02-23 13:30:00,35271.9,35314.55,35107.15,35221.8,0
2021-02-23 13:45:00,35219.8,35274.9,35147.35,35190.5,0
2021-02-23 14:00:00,35188.6,35251.9,35061.35,35166.7,0
2021-02-23 14:15:00,35166.1,35240.9,35133.0,35240.9,0
2021-02-23 14:30:00,35244.7,35304.5,35129.3,35154.2,0
2021-02-23 14:45:00,35156.0,35194.3,35123.7,35127.6,0
2021-02-23 15:00:00,35125.9,35182.9,35025.95,35173.9,0
2021-02-23 15:15:00,35169.8,35169.8,35082.4,35123.9,0
2021-02-24 09:15:00,35211.3,35352.95,35060.65,35313.4,0
2021-02-24 09:30:00,35316.9,35453.65,35313.35,35344.4,0
2021-02-24 09:45:00,35344.1,35512.05,35342.25,35471.2,0
2021-02-24 10:00:00,35474.3,35641.05,35460.3,35626.6,0
2021-02-24 13:30:00,35691.7,35691.7,35617.5,35617.5,0
2021-02-24 15:30:00,35546.5,35546.5,35546.5,35546.5,0
2021-02-24 15:45:00,35641.0,35769.45,35597.6,35748.7,0
2021-02-24 16:00:00,35748.2,36032.3,35745.15,36019.7,0
2021-02-24 16:15:00,36021.1,36489.15,36010.9,36462.4,0
2021-02-24 16:30:00,36455.7,36566.8,36351.6,36521.4,0
2021-02-24 16:45:00,36527.7,36567.65,36347.7,36512.3,0
2021-02-25 09:15:00,36763.1,37190.2,36699.35,37141.7,0
2021-02-25 09:30:00,37140.2,37232.2,37084.05,37161.0,0
2021-02-25 09:45:00,37154.5,37181.15,37028.7,37039.1,0
2021-02-25 10:00:00,37040.4,37076.1,36919.75,36943.6,0
2021-02-25 10:15:00,36937.0,37061.05,36922.2,36999.6,0
2021-02-25 10:30:00,36998.5,37120.15,36954.35,37070.1,0
2021-02-25 10:45:00,37066.9,37091.7,36990.3,36997.7,0
2021-02-25 11:00:00,36997.5,37065.7,36991.25,37038.4,0
2021-02-25 11:15:00,37039.8,37087.65,36989.8,37006.9,0
2021-02-25 11:30:00,37006.8,37014.75,36773.45,36800.2,0
2021-02-25 11:45:00,36801.6,36866.4,36736.1,36762.8,0
2021-02-25 12:00:00,36762.9,36803.9,36688.25,36754.6,0
2021-02-25 12:15:00,36752.4,36822.0,36726.6,36819.8,0
2021-02-25 12:30:00,36819.4,36934.8,36786.55,36915.2,0
2021-02-25 12:45:00,36914.9,36961.3,36805.9,36816.5,0
2021-02-25 13:00:00,36817.6,36842.1,36729.7,36814.2,0
2021-02-25 13:15:00,36811.5,36845.95,36658.0,36750.2,0
2021-02-25 13:30:00,36751.1,36785.95,36708.5,36756.0,0
2021-02-25 13:45:00,36759.1,36768.4,36668.35,36668.4,0
2021-02-25 14:00:00,36665.5,36770.0,36625.6,36704.7,0
2021-02-25 14:15:00,36705.4,36836.05,36573.95,36811.8,0
2021-02-25 14:30:00,36810.7,36839.3,36710.0,36721.3,0
2021-02-25 14:45:00,36719.4,36728.9,36565.8,36585.5,0
2021-02-25 15:00:00,36585.2,36623.1,36504.3,36558.2,0
2021-02-25 15:15:00,36558.8,36569.3,36494.0,36544.4,0
2021-02-26 09:15:00,35806.6,35902.9,35373.0,35686.4,0
2021-02-26 09:30:00,35692.9,35703.65,35503.45,35555.1,0
2021-02-26 09:45:00,35555.6,35709.55,35520.15,35625.1,0
2021-02-26 10:00:00,35623.2,35627.3,35538.4,35598.8,0
2021-02-26 10:15:00,35595.7,35597.4,35251.95,35355.5,0
2021-02-26 10:30:00,35353.3,35353.3,35231.85,35287.1,0
2021-02-26 10:45:00,35289.6,35340.65,35209.3,35218.9,0
2021-02-26 11:00:00,35217.8,35233.45,35102.25,35220.8,0
2021-02-26 11:15:00,35223.8,35223.8,35023.4,35118.8,0
2021-02-26 11:30:00,35115.4,35116.5,34842.75,34983.9,0
2021-02-26 11:45:00,34989.8,35120.05,34900.35,35010.3,0
2021-02-26 12:00:00,35002.9,35014.2,34818.8,34868.0,0
2021-02-26 12:15:00,34866.2,34892.9,34764.25,34848.2,0
2021-02-26 12:30:00,34847.9,34867.0,34677.25,34708.6,0
2021-02-26 12:45:00,34708.6,34993.05,34692.15,34993.1,0
2021-02-26 13:00:00,34999.1,34999.15,34778.35,34799.7,0
2021-02-26 13:15:00,34798.2,34920.4,34733.05,34869.2,0
2021-02-26 13:30:00,34874.1,34955.8,34811.45,34936.8,0
2021-02-26 13:45:00,34939.7,35085.05,34856.85,35056.2,0
2021-02-26 14:00:00,35057.6,35136.0,34994.4,35119.2,0
2021-02-26 14:15:00,35118.4,35176.3,35005.6,35153.9,0
2021-02-26 14:30:00,35146.9,35229.0,35064.15,35178.2,0
2021-02-26 14:45:00,35188.3,35232.35,35117.5,35127.6,0
2021-02-26 15:00:00,35130.1,35131.95,34763.7,34864.7,0
2021-02-26 15:15:00,34866.9,34870.45,34658.7,34849.4,0
2021-03-01 09:15:00,35374.2,35375.15,35151.2,35226.1,0
2021-03-01 09:30:00,35224.8,35361.5,35011.25,35334.4,0
2021-03-01 09:45:00,35330.4,35469.8,35311.6,35347.7,0
2021-03-01 10:00:00,35347.4,35411.3,35258.75,35321.9,0
2021-03-01 10:15:00,35319.9,35528.85,35319.95,35525.0,0
2021-03-01 10:30:00,35524.6,35581.1,35476.0,35516.6,0
2021-03-01 10:45:00,35515.6,35522.7,35420.6,35493.4,0
2021-03-01 11:00:00,35492.9,35520.55,35404.95,35452.1,0
2021-03-01 11:15:00,35452.3,35466.3,35336.55,35375.9,0
2021-03-01 11:30:00,35364.3,35470.95,35213.8,35227.7,0
2021-03-01 11:45:00,35223.8,35259.05,35141.95,35164.8,0
2021-03-01 12:00:00,35160.2,35205.75,35095.7,35201.8,0
2021-03-01 12:15:00,35201.9,35216.65,34992.65,35002.2,0
2021-03-01 12:30:00,35003.6,35135.55,34983.75,35091.2,0
2021-03-01 12:45:00,35086.6,35242.3,35081.9,35164.0,0
2021-03-01 13:00:00,35162.9,35317.7,35161.95,35287.1,0
2021-03-01 13:15:00,35289.6,35342.65,35206.3,35323.1,0
2021-03-01 13:30:00,35347.1,35445.85,35294.95,35381.6,0
2021-03-01 13:45:00,35381.9,35408.4,35277.25,35288.6,0
2021-03-01 14:00:00,35288.1,35394.15,35288.05,35357.2,0
2021-03-01 14:15:00,35353.2,35388.55,35215.1,35215.1,0
2021-03-01 14:30:00,35214.2,35372.25,35214.25,35320.8,0
2021-03-01 14:45:00,35322.1,35325.2,35152.95,35215.0,0
2021-03-01 15:00:00,35212.2,35323.05,35209.6,35302.4,0
2021-03-01 15:15:00,35303.6,35360.7,35276.55,35339.2,0
2021-03-02 09:15:00,35458.1,35708.25,35352.35,35693.4,0
2021-03-02 09:30:00,35699.3,35747.05,35520.55,35537.4,0
2021-03-02 09:45:00,35537.3,35602.75,35447.3,35558.1,0
2021-03-02 10:00:00,35561.4,35674.9,35560.0,35650.1,0
2021-03-02 10:15:00,35652.9,35668.9,35532.5,35560.4,0
2021-03-02 10:30:00,35563.2,35567.95,35366.6,35398.8,0
2021-03-02 10:45:00,35398.0,35419.9,35301.2,35415.9,0
2021-03-02 11:00:00,35410.8,35430.0,35163.55,35173.3,0
2021-03-02 11:15:00,35168.9,35210.5,35050.1,35156.6,0
2021-03-02 11:30:00,35158.9,35281.6,35120.15,35236.1,0
2021-03-02 11:45:00,35238.9,35329.15,35238.2,35266.6,0
2021-03-02 12:00:00,35267.1,35269.6,35144.95,35246.4,0
2021-03-02 12:15:00,35246.1,35315.15,35178.65,35226.2,0
2021-03-02 12:30:00,35217.5,35283.8,35141.2,35172.3,0
2021-03-02 12:45:00,35174.6,35188.9,35078.45,35166.0,0
2021-03-02 13:00:00,35165.2,35229.45,35107.85,35140.9,0
2021-03-02 13:15:00,35134.6,35186.15,35105.65,35121.1,0
2021-03-02 13:30:00,35116.5,35232.05,35002.45,35201.1,0
2021-03-02 13:45:00,35200.1,35334.35,35145.9,35169.2,0
2021-03-02 14:00:00,35163.8,35259.6,35132.9,35257.4,0
2021-03-02 14:15:00,35254.8,35279.6,35190.4,35211.8,0
2021-03-02 14:30:00,35212.9,35247.55,35169.4,35233.8,0
2021-03-02 14:45:00,35236.9,35280.75,35137.8,35229.4,0
2021-03-02 15:00:00,35225.8,35512.85,35217.0,35503.8,0
2021-03-02 15:15:00,35496.0,35523.45,35450.45,35473.9,0
2021-03-03 09:15:00,35754.4,35847.9,35570.55,35745.5,0
2021-03-03 09:30:00,35744.6,35813.15,35665.7,35675.6,0
2021-03-03 09:45:00,35673.4,35884.4,35638.15,35870.1,0
2021-03-03 10:00:00,35871.0,35891.75,35835.05,35845.0,0
2021-03-03 10:15:00,35846.2,35965.1,35846.25,35920.3,0
2021-03-03 10:30:00,35919.8,36062.75,35897.3,36026.6,0
2021-03-03 10:45:00,36028.0,36052.6,35958.75,35965.6,0
2021-03-03 11:00:00,35959.6,36011.85,35938.3,35960.5,0
2021-03-03 11:15:00,35958.1,35991.05,35923.0,35988.0,0
2021-03-03 11:30:00,35989.1,36026.85,35944.25,35984.3,0
2021-03-03 11:45:00,35971.4,36026.5,35948.3,36004.4,0
2021-03-03 12:00:00,36003.1,36100.2,36001.9,36095.4,0
2021-03-03 12:15:00,36094.6,36120.25,36064.1,36089.6,0
2021-03-03 12:30:00,36091.8,36148.55,36066.9,36142.1,0
2021-03-03 12:45:00,36142.1,36221.75,36124.6,36219.4,0
2021-03-03 13:00:00,36219.9,36250.85,36163.1,36183.7,0
2021-03-03 13:15:00,36179.0,36305.55,36178.45,36288.8,0
2021-03-03 13:30:00,36284.9,36395.7,36263.3,36382.2,0
2021-03-03 13:45:00,36379.9,36455.15,36300.15,36342.7,0
2021-03-03 14:00:00,36348.4,36380.8,36256.75,36283.1,0
2021-03-03 14:15:00,36286.2,36393.75,36263.3,36371.4,0
2021-03-03 14:30:00,36371.8,36393.2,36324.15,36370.3,0
2021-03-03 14:45:00,36375.2,36423.25,36315.25,36348.6,0
2021-03-03 15:00:00,36350.3,36401.05,36328.7,36381.4,0
2021-03-03 15:15:00,36382.4,36422.35,36333.3,36347.1,0
2021-03-04 09:15:00,35575.6,35832.5,35557.05,35737.2,0
2021-03-04 09:30:00,35731.4,35731.9,35587.95,35645.9,0
2021-03-04 09:45:00,35645.6,35645.6,35519.25,35598.6,0
2021-03-04 10:00:00,35595.2,35702.15,35559.65,35684.5,0
2021-03-04 10:15:00,35683.9,35697.45,35567.9,35637.1,0
2021-03-04 10:30:00,35637.7,35706.7,35628.4,35658.1,0
2021-03-04 10:45:00,35659.7,35693.75,35597.75,35647.1,0
2021-03-04 11:00:00,35646.1,35824.05,35622.95,35808.6,0
2021-03-04 11:15:00,35807.6,35928.4,35774.1,35807.5,0
2021-03-04 11:30:00,35809.2,36030.25,35807.05,36013.2,0
2021-03-04 11:45:00,36013.0,36077.5,35969.05,36016.1,0
2021-03-04 12:00:00,36016.4,36037.6,35959.65,35992.1,0
2021-03-04 12:15:00,35994.1,36075.4,35943.95,36073.6,0
2021-03-04 12:30:00,36073.4,36237.5,36054.1,36192.7,0
2021-03-04 12:45:00,36191.8,36286.15,36158.1,36271.9,0
2021-03-04 13:00:00,36271.6,36316.4,36189.55,36237.3,0
2021-03-04 13:15:00,36237.1,36249.05,36024.5,36063.3,0
2021-03-04 13:30:00,36051.9,36218.05,36051.95,36087.4,0
2021-03-04 13:45:00,36090.1,36147.2,35960.9,35966.2,0
2021-03-04 14:00:00,35965.6,36105.2,35957.45,36075.1,0
2021-03-04 14:15:00,36073.5,36151.3,36042.2,36090.0,0
2021-03-04 14:30:00,36089.1,36127.35,35940.9,35954.6,0
2021-03-04 14:45:00,35955.6,35975.35,35875.65,35907.6,0
2021-03-04 15:00:00,35907.0,35933.15,35707.75,35809.9,0
2021-03-04 15:15:00,35812.7,35849.1,35762.3,35834.1,0
2021-03-05 09:15:00,35458.5,35522.5,35170.9,35331.4,0
2021-03-05 09:30:00,35332.9,35365.0,35135.7,35361.5,0
2021-03-05 09:45:00,35362.8,35480.65,35343.0,35474.9,0
2021-03-05 10:00:00,35473.4,35616.05,35378.7,35560.3,0
2021-03-05 10:15:00,35556.6,35556.55,35318.85,35332.0,0
2021-03-05 10:30:00,35329.1,35414.9,35260.1,35314.4,0
2021-03-05 10:45:00,35316.9,35385.35,35166.25,35172.6,0
2021-03-05 11:00:00,35169.6,35312.2,35135.25,35274.2,0
2021-03-05 11:15:00,35277.0,35377.6,35242.4,35348.6,0
2021-03-05 11:30:00,35350.2,35457.0,35315.6,35324.1,0
2021-03-05 11:45:00,35324.2,35380.85,35259.15,35286.1,0
2021-03-05 12:00:00,35287.6,35323.35,35215.35,35282.4,0
2021-03-05 12:15:00,35276.6,35361.9,35261.35,35358.0,0
2021-03-05 12:30:00,35357.4,35446.9,35341.85,35385.5,0
2021-03-05 12:45:00,35384.2,35448.4,35348.7,35365.4,0
2021-03-05 13:00:00,35364.6,35411.85,35265.85,35342.8,0
2021-03-05 13:15:00,35342.5,35424.3,35317.75,35384.4,0
2021-03-05 13:30:00,35384.4,35396.65,35186.4,35208.1,0
2021-03-05 13:45:00,35207.1,35278.45,35003.45,35120.8,0
2021-03-05 14:00:00,35119.9,35127.45,34893.25,35005.6,0
2021-03-05 14:15:00,35001.4,35111.75,34930.2,35059.4,0
2021-03-05 14:30:00,35056.4,35177.35,35022.35,35104.1,0
2021-03-05 14:45:00,35103.6,35152.75,35054.6,35100.8,0
2021-03-05 15:00:00,35097.0,35315.65,35039.1,35272.9,0
2021-03-05 15:15:00,35271.9,35334.7,35226.1,35333.8,0
2021-03-08 09:15:00,35462.4,35659.7,35412.7,35653.8,0
2021-03-08 09:30:00,35645.6,35724.05,35606.55,35613.1,0
2021-03-08 09:45:00,35612.1,35781.8,35604.1,35776.1,0
2021-03-08 10:00:00,35773.8,35827.3,35720.4,35748.1,0
2021-03-08 10:15:00,35746.3,35760.3,35638.95,35654.3,0
2021-03-08 10:30:00,35652.1,35676.0,35275.9,35277.2,0
2021-03-08 10:45:00,35275.8,35362.65,35094.7,35324.5,0
2021-03-08 11:00:00,35330.1,35358.95,35190.1,35345.1,0
2021-03-08 11:15:00,35341.4,35412.25,35299.75,35318.4,0
2021-03-08 11:30:00,35317.6,35406.15,35303.45,35303.4,0
2021-03-08 11:45:00,35307.9,35355.9,35291.6,35325.9,0
2021-03-08 12:00:00,35327.0,35347.85,35239.85,35296.1,0
2021-03-08 12:15:00,35296.8,35369.65,35288.3,35324.9,0
2021-03-08 12:30:00,35323.4,35397.3,35225.85,35231.3,0
2021-03-08 12:45:00,35233.6,35250.35,35142.5,35224.4,0
2021-03-08 13:00:00,35223.0,35321.7,35208.55,35302.4,0
2021-03-08 13:15:00,35302.7,35336.35,35232.8,35258.9,0
2021-03-08 13:30:00,35260.4,35326.8,35108.15,35184.4,0
2021-03-08 13:45:00,35185.6,35227.25,35090.75,35190.2,0
2021-03-08 14:00:00,35195.5,35310.7,35171.2,35272.9,0
2021-03-08 14:15:00,35268.9,35534.8,35268.95,35475.4,0
2021-03-08 14:30:00,35469.7,35547.15,35403.0,35476.8,0
2021-03-08 14:45:00,35479.4,35506.95,35318.55,35384.6,0
2021-03-08 15:00:00,35384.6,35384.6,35136.75,35307.4,0
2021-03-08 15:15:00,35312.8,35370.85,35294.2,35307.1,0
2021-03-09 09:15:00,35705.9,35852.55,35631.25,35709.9,0
2021-03-09 09:30:00,35712.1,35745.5,35641.4,35644.3,0
2021-03-09 09:45:00,35643.2,35787.0,35590.8,35778.9,0
2021-03-09 10:00:00,35779.6,35890.75,35749.25,35758.1,0
2021-03-09 10:15:00,35753.9,35776.5,35716.35,35742.9,0
2021-03-09 10:30:00,35740.7,35797.85,35702.45,35731.4,0
2021-03-09 10:45:00,35732.9,35797.9,35724.3,35770.8,0
2021-03-09 11:00:00,35771.2,35823.8,35770.5,35796.7,0
2021-03-09 11:15:00,35795.1,35892.85,35793.85,35849.1,0
2021-03-09 11:30:00,35847.8,36008.4,35846.4,35976.4,0
2021-03-09 11:45:00,35981.9,36077.8,35981.9,36016.2,0
2021-03-09 12:00:00,36019.2,36050.3,35971.1,36011.8,0
2021-03-09 12:15:00,36008.4,36039.8,35872.95,35872.9,0
2021-03-09 12:30:00,35873.5,35899.1,35774.1,35866.4,0
2021-03-09 12:45:00,35865.6,35871.9,35784.85,35825.3,0
2021-03-09 13:00:00,35825.1,35825.15,35665.95,35665.9,0
2021-03-09 13:15:00,35665.6,35707.65,35544.95,35707.6,0
2021-03-09 13:30:00,35707.6,35786.5,35640.2,35644.5,0
2021-03-09 13:45:00,35644.0,35723.75,35603.15,35719.4,0
2021-03-09 14:00:00,35720.2,35745.5,35578.85,35611.2,0
2021-03-09 14:15:00,35611.4,35722.35,35565.45,35624.1,0
2021-03-09 14:30:00,35622.4,35730.15,35616.95,35703.8,0
2021-03-09 14:45:00,35702.1,35814.8,35699.1,35726.4,0
2021-03-09 15:00:00,35727.2,35938.35,35727.2,35932.9,0
2021-03-09 15:15:00,35934.4,35937.4,35839.35,35841.3,0
2021-03-10 09:15:00,36112.2,36176.9,36062.65,36081.6,0
2021-03-10 09:30:00,36078.5,36082.15,35990.1,36031.1,0
2021-03-10 09:45:00,36031.6,36105.6,35963.45,36002.4,0
2021-03-10 10:00:00,36009.0,36076.05,35985.5,36074.8,0
2021-03-10 10:15:00,36076.2,36091.9,36009.35,36017.6,0
2021-03-10 10:30:00,36016.1,36024.3,35889.55,35913.1,0
2021-03-10 10:45:00,35912.5,35990.05,35894.2,35911.6,0
2021-03-10 11:00:00,35911.8,35956.9,35871.1,35918.1,0
2021-03-10 11:15:00,35917.1,35975.4,35892.4,35964.5,0
2021-03-10 11:30:00,35960.1,35997.85,35913.1,35931.4,0
2021-03-10 11:45:00,35928.6,35949.3,35903.1,35932.6,0
2021-03-10 12:00:00,35932.8,35960.6,35773.75,35842.9,0
2021-03-10 12:15:00,35840.8,35861.7,35764.35,35839.8,0
2021-03-10 12:30:00,35842.4,35899.75,35817.35,35888.1,0
2021-03-10 12:45:00,35887.9,35915.95,35831.8,35901.4,0
2021-03-10 13:00:00,35904.3,35980.25,35886.55,35978.3,0
2021-03-10 13:15:00,35979.2,36041.55,35945.2,35972.9,0
2021-03-10 13:30:00,35969.4,35985.45,35865.0,35952.4,0
2021-03-10 13:45:00,35956.6,35985.9,35903.0,35903.0,0
2021-03-10 14:00:00,35901.6,36002.2,35898.5,35986.8,0
2021-03-10 14:15:00,35987.4,36027.9,35944.55,36007.5,0
2021-03-10 14:30:00,36008.1,36009.3,35941.0,35973.4,0
2021-03-10 14:45:00,35973.8,35980.35,35838.35,35893.1,0
2021-03-10 15:00:00,35896.8,35953.6,35896.75,35927.6,0
2021-03-10 15:15:00,35928.6,35971.45,35923.3,35945.1,0
2021-03-12 09:15:00,36497.4,36497.35,36295.7,36387.2,0
2021-03-12 09:30:00,36386.1,36423.9,36279.65,36329.6,0
2021-03-12 09:45:00,36326.9,36355.7,36255.6,36353.6,0
2021-03-12 10:00:00,36357.1,36381.35,36279.3,36283.6,0
2021-03-12 10:15:00,36277.6,36277.6,36206.85,36213.3,0
2021-03-12 10:30:00,36211.8,36280.15,36186.4,36238.7,0
2021-03-12 10:45:00,36237.1,36262.5,36203.2,36216.9,0
2021-03-12 11:00:00,36216.3,36222.55,36163.1,36199.4,0
2021-03-12 11:15:00,36202.3,36228.65,36172.05,36174.4,0
2021-03-12 11:30:00,36177.2,36275.25,36176.05,36246.4,0
2021-03-12 11:45:00,36243.1,36268.0,36216.7,36231.6,0
2021-03-12 12:00:00,36230.4,36246.45,36111.0,36119.4,0
2021-03-12 12:15:00,36122.8,36122.8,36002.15,36069.8,0
2021-03-12 12:30:00,36063.2,36118.5,36016.35,36016.4,0
2021-03-12 12:45:00,36018.2,36049.95,35988.2,36020.8,0
2021-03-12 13:00:00,36020.2,36083.0,35991.75,36003.5,0
2021-03-12 13:15:00,36002.4,36051.0,35948.2,35976.9,0
2021-03-12 13:30:00,35970.6,36007.75,35352.65,35544.5,0
2021-03-12 13:45:00,35548.2,35717.75,35439.3,35681.9,0
2021-03-12 14:00:00,35681.3,35687.95,35305.9,35314.4,0
2021-03-12 14:15:00,35301.1,35396.5,35188.05,35368.8,0
2021-03-12 14:30:00,35375.5,35454.25,35297.95,35397.7,0
2021-03-12 14:45:00,35404.9,35409.55,35257.8,35314.6,0
2021-03-12 15:00:00,35314.5,35572.5,35312.1,35520.4,0
2021-03-12 15:15:00,35521.5,35556.2,35444.55,35453.0,0
2021-03-15 09:15:00,35544.2,35544.25,35080.15,35081.4,0
2021-03-15 09:30:00,35082.5,35087.95,34807.35,34836.6,0
2021-03-15 09:45:00,34838.6,34983.75,34832.95,34930.2,0
2021-03-15 10:00:00,34936.6,34946.95,34719.6,34796.5,0
2021-03-15 10:15:00,34799.7,34899.9,34727.95,34834.7,0
2021-03-15 10:30:00,34829.4,34872.1,34778.95,34791.4,0
2021-03-15 10:45:00,34788.8,34812.45,34602.15,34605.6,0
2021-03-15 11:00:00,34605.4,34637.95,34513.1,34559.8,0
2021-03-15 11:15:00,34561.4,34562.45,34445.5,34541.6,0
2021-03-15 11:30:00,34542.5,34584.15,34514.85,34567.4,0
2021-03-15 11:45:00,34565.2,34604.7,34473.95,34604.7,0
2021-03-15 12:00:00,34604.1,34685.2,34571.25,34577.7,0
2021-03-15 12:15:00,34579.8,34579.8,34503.3,34572.9,0
2021-03-15 12:30:00,34571.6,34573.45,34443.9,34492.4,0
2021-03-15 12:45:00,34489.7,34576.25,34469.65,34498.7,0
2021-03-15 13:00:00,34497.8,34529.5,34430.65,34503.4,0
2021-03-15 13:15:00,34504.0,34596.85,34472.7,34536.4,0
2021-03-15 13:30:00,34533.4,34680.85,34489.9,34669.8,0
2021-03-15 13:45:00,34672.9,34744.8,34620.75,34657.6,0
2021-03-15 14:00:00,34659.2,34689.35,34559.85,34666.2,0
2021-03-15 14:15:00,34664.7,34795.5,34645.75,34750.4,0
2021-03-15 14:30:00,34745.9,34935.2,34693.85,34908.4,0
2021-03-15 14:45:00,34907.6,35069.7,34842.85,35031.9,0
2021-03-15 15:00:00,35032.4,35219.35,35032.1,35167.4,0
2021-03-15 15:15:00,35171.8,35265.0,35167.4,35213.9,0
2021-03-16 09:15:00,35352.0,35405.05,35005.55,35101.4,0
2021-03-16 09:30:00,35101.4,35269.35,35038.3,35078.3,0
2021-03-16 09:45:00,35080.1,35148.05,34948.35,35109.9,0
2021-03-16 10:00:00,35109.8,35163.5,35023.05,35112.1,0
2021-03-16 10:15:00,35110.1,35272.0,35096.65,35272.0,0
2021-03-16 10:30:00,35271.1,35356.45,35225.35,35307.4,0
2021-03-16 10:45:00,35304.8,35306.9,35186.65,35196.6,0
2021-03-16 11:00:00,35194.2,35259.05,35194.25,35243.9,0
2021-03-16 11:15:00,35245.8,35246.1,35081.9,35082.4,0
2021-03-16 11:30:00,35088.6,35122.3,35009.55,35029.0,0
2021-03-16 11:45:00,35030.4,35087.6,35024.95,35045.6,0
2021-03-16 12:00:00,35043.9,35302.25,35019.15,35102.9,0
2021-03-16 12:15:00,35101.4,35167.75,35088.35,35091.2,0
2021-03-16 12:30:00,35093.0,35149.95,35065.0,35125.7,0
2021-03-16 12:45:00,35124.4,35131.8,35077.65,35088.9,0
2021-03-16 13:00:00,35086.1,35199.25,34877.95,34923.8,0
2021-03-16 13:15:00,34929.6,34929.65,34809.2,34815.2,0
2021-03-16 13:30:00,34817.4,34926.6,34748.95,34902.1,0
2021-03-16 13:45:00,34899.5,34956.7,34850.25,34898.7,0
2021-03-16 14:00:00,34898.0,35014.0,34836.3,34860.7,0
2021-03-16 14:15:00,34860.3,34925.5,34849.05,34910.0,0
2021-03-16 14:30:00,34908.6,34996.75,34881.55,34889.8,0
2021-03-16 14:45:00,34893.6,34968.1,34887.25,34931.1,0
2021-03-16 15:00:00,34934.5,34996.9,34744.6,34785.9,0
2021-03-16 15:15:00,34789.9,34831.7,34761.4,34814.2,0
2021-03-17 09:15:00,34905.1,34944.95,34645.45,34778.9,0
2021-03-17 09:30:00,34780.0,34849.75,34727.65,34747.8,0
2021-03-17 09:45:00,34754.9,34757.55,34670.7,34673.8,0
2021-03-17 10:00:00,34680.4,34776.45,34660.05,34678.9,0
2021-03-17 10:15:00,34680.0,34716.9,34629.75,34706.7,0
2021-03-17 10:30:00,34709.4,34838.55,34700.6,34764.1,0
2021-03-17 10:45:00,34765.5,34792.65,34728.0,34758.9,0
2021-03-17 11:00:00,34755.9,34769.95,34706.05,34756.2,0
2021-03-17 11:15:00,34755.7,35021.15,34751.7,35012.4,0
2021-03-17 11:30:00,35011.7,35100.5,34940.8,34964.2,0
2021-03-17 11:45:00,34961.6,35014.2,34873.5,34883.4,0
2021-03-17 12:00:00,34884.4,34907.3,34746.8,34776.5,0
2021-03-17 12:15:00,34779.1,34831.65,34683.8,34751.4,0
2021-03-17 12:30:00,34750.4,34775.85,34640.9,34693.4,0
2021-03-17 12:45:00,34692.3,34732.65,34603.8,34641.5,0
2021-03-17 13:00:00,34637.4,34680.6,34572.4,34625.2,0
2021-03-17 13:15:00,34625.1,34712.85,34596.25,34610.5,0
2021-03-17 13:30:00,34612.1,34725.0,34575.6,34642.8,0
2021-03-17 13:45:00,34641.7,34681.05,34528.95,34568.4,0
2021-03-17 14:00:00,34568.9,34622.5,34481.4,34518.1,0
2021-03-17 14:15:00,34521.2,34548.0,34435.3,34487.4,0
2021-03-17 14:30:00,34486.6,34534.3,34439.05,34486.0,0
2021-03-17 14:45:00,34486.8,34542.55,34464.2,34508.4,0
2021-03-17 15:00:00,34505.9,34531.45,34148.65,34168.1,0
2021-03-17 15:15:00,34166.3,34222.15,34131.5,34140.9,0
2021-03-18 09:15:00,34577.5,34736.9,34504.15,34614.8,0
2021-03-18 09:30:00,34613.3,34715.55,34585.3,34714.8,0
2021-03-18 09:45:00,34715.1,34759.85,34664.55,34690.6,0
2021-03-18 10:00:00,34686.9,34708.65,34574.75,34592.5,0
2021-03-18 10:15:00,34599.8,34635.6,34548.0,34593.4,0
2021-03-18 10:30:00,34593.9,34594.25,34407.15,34447.8,0
2021-03-18 10:45:00,34443.2,34584.35,34443.25,34514.6,0
2021-03-18 11:00:00,34512.7,34533.65,34472.0,34494.9,0
2021-03-18 11:15:00,34495.2,34523.4,34461.4,34484.1,0
2021-03-18 11:30:00,34485.1,34527.7,34405.35,34442.5,0
2021-03-18 11:45:00,34445.6,34550.8,34431.1,34546.8,0
2021-03-18 12:00:00,34550.6,34634.3,34499.25,34622.9,0
2021-03-18 12:15:00,34624.1,34639.9,34520.0,34554.2,0
2021-03-18 12:30:00,34556.2,34566.5,34489.0,34538.4,0
2021-03-18 12:45:00,34541.0,34542.55,34413.8,34439.8,0
2021-03-18 13:00:00,34438.9,34438.9,34145.4,34152.9,0
2021-03-18 13:15:00,34151.9,34198.45,33950.15,34016.4,0
2021-03-18 13:30:00,34014.6,34016.45,33855.85,33912.9,0
2021-03-18 13:45:00,33915.8,34032.95,33775.9,33792.3,0
2021-03-18 14:00:00,33791.4,33800.0,33614.5,33638.6,0
2021-03-18 14:15:00,33637.9,33757.5,33597.55,33721.2,0
2021-03-18 14:30:00,33723.6,33917.5,33712.15,33735.3,0
2021-03-18 14:45:00,33737.1,33828.65,33693.45,33784.3,0
2021-03-18 15:00:00,33788.1,33953.75,33653.5,33930.7,0
2021-03-18 15:15:00,33928.1,33941.25,33854.8,33912.4,0
2021-03-19 09:15:00,33590.4,33698.95,33395.2,33416.8,0
2021-03-19 09:30:00,33417.9,33565.2,33361.0,33494.1,0
2021-03-19 09:45:00,33491.2,33778.2,33440.4,33741.5,0
2021-03-19 10:00:00,33748.2,33868.45,33657.2,33791.9,0
2021-03-19 10:15:00,33795.7,33912.2,33636.7,33821.8,0
2021-03-19 10:30:00,33821.9,33877.8,33757.9,33769.2,0
2021-03-19 10:45:00,33768.2,33902.45,33705.55,33890.7,0
2021-03-19 11:00:00,33889.6,34122.0,33889.55,34036.6,0
2021-03-19 11:15:00,34031.9,34062.75,33754.95,33844.1,0
2021-03-19 11:30:00,33840.3,33889.15,33638.6,33653.3,0
2021-03-19 11:45:00,33657.4,33755.9,33619.75,33701.1,0
2021-03-19 12:00:00,33714.9,33722.45,33503.95,33544.6,0
2021-03-19 12:15:00,33545.7,33692.7,33479.3,33651.7,0
2021-03-19 12:30:00,33653.4,33767.4,33589.55,33592.8,0
2021-03-19 12:45:00,33591.7,33716.75,33563.8,33594.0,0
2021-03-19 13:00:00,33590.4,33707.5,33562.3,33694.2,0
2021-03-19 13:15:00,33691.5,33855.3,33652.95,33771.7,0
2021-03-19 13:30:00,33762.1,33912.3,33637.35,33781.1,0
2021-03-19 13:45:00,33779.5,33977.75,33767.7,33966.6,0
2021-03-19 14:00:00,33961.6,34030.3,33878.2,33920.7,0
2021-03-19 14:15:00,33925.5,33995.2,33767.55,33964.5,0
2021-03-19 14:30:00,33960.1,34199.05,33957.8,34138.8,0
2021-03-19 14:45:00,34140.9,34243.35,34073.05,34233.6,0
2021-03-19 15:00:00,34237.1,34355.4,34108.3,34174.1,0
2021-03-19 15:15:00,34175.1,34185.85,33986.1,34115.1,0
2021-03-22 09:15:00,34088.4,34094.75,33752.0,33873.6,0
2021-03-22 09:30:00,33882.1,33987.9,33854.35,33963.9,0
2021-03-22 09:45:00,33962.1,34148.9,33961.7,34001.6,0
2021-03-22 10:00:00,34001.1,34030.35,33907.7,33994.7,0
2021-03-22 10:15:00,33996.9,34005.0,33859.65,33877.2,0
2021-03-22 10:30:00,33878.1,33937.25,33820.75,33851.9,0
2021-03-22 10:45:00,33849.9,33862.2,33763.85,33806.9,0
2021-03-22 11:00:00,33804.8,33890.25,33732.95,33847.7,0
2021-03-22 11:15:00,33847.4,33875.95,33770.5,33791.1,0
2021-03-22 11:30:00,33792.4,33931.65,33766.4,33858.1,0
2021-03-22 11:45:00,33859.4,33969.85,33826.85,33907.7,0
2021-03-22 12:00:00,33906.0,33913.35,33812.4,33819.5,0
2021-03-22 12:15:00,33817.5,33817.5,33607.7,33640.9,0
2021-03-22 12:30:00,33641.1,33661.75,33522.55,33523.8,0
2021-03-22 12:45:00,33521.8,33616.25,33501.0,33552.6,0
2021-03-22 13:00:00,33553.6,33554.5,33414.15,33501.3,0
2021-03-22 13:15:00,33499.4,33528.8,33389.15,33467.9,0
2021-03-22 13:30:00,33469.4,33594.75,33424.2,33552.1,0
2021-03-22 13:45:00,33553.6,33612.65,33409.25,33468.8,0
2021-03-22 14:00:00,33467.9,33643.2,33422.45,33566.6,0
2021-03-22 14:15:00,33565.4,33652.15,33471.4,33583.4,0
2021-03-22 14:30:00,33581.1,33594.05,33466.65,33488.3,0
2021-03-22 14:45:00,33487.4,33570.6,33428.15,33570.6,0
2021-03-22 15:00:00,33570.5,33683.0,33483.2,33656.2,0
2021-03-22 15:15:00,33659.6,33676.6,33567.6,33659.9,0
2021-03-23 09:15:00,33747.9,33942.6,33701.9,33923.4,0
2021-03-23 09:30:00,33925.0,33944.45,33832.9,33853.6,0
2021-03-23 09:45:00,33853.1,33900.1,33795.95,33884.6,0
2021-03-23 10:00:00,33882.4,33882.45,33765.6,33789.1,0
2021-03-23 10:15:00,33786.6,33805.7,33721.45,33742.6,0
2021-03-23 10:30:00,33741.6,33807.55,33658.5,33772.3,0
2021-03-23 10:45:00,33775.1,34299.8,33755.0,34136.6,0
2021-03-23 11:00:00,34138.7,34252.25,33991.7,34020.5,0
2021-03-23 11:15:00,34019.7,34094.7,33968.15,33999.9,0
2021-03-23 11:30:00,34000.9,34005.75,33622.0,33792.4,0
2021-03-23 11:45:00,33791.1,33854.45,33686.4,33801.6,0
2021-03-23 12:00:00,33803.0,33875.3,33761.4,33795.9,0
2021-03-23 12:15:00,33797.4,33797.45,33707.75,33766.7,0
2021-03-23 12:30:00,33765.4,33836.0,33763.05,33824.4,0
2021-03-23 12:45:00,33824.9,33985.7,33822.65,33865.6,0
2021-03-23 13:00:00,33868.0,33904.6,33832.55,33892.1,0
2021-03-23 13:15:00,33899.8,33965.1,33801.0,33925.8,0
2021-03-23 13:30:00,33929.9,33946.55,33798.7,33920.1,0
2021-03-23 13:45:00,33921.9,34035.2,33890.65,33971.2,0
2021-03-23 14:00:00,33974.8,34021.4,33923.65,33986.9,0
2021-03-23 14:15:00,33987.9,34247.25,33957.8,34204.7,0
2021-03-23 14:30:00,34206.4,34325.55,34148.55,34322.2,0
2021-03-23 14:45:00,34316.0,34360.05,34251.3,34254.8,0
2021-03-23 15:00:00,34256.0,34286.7,34152.5,34170.4,0
2021-03-23 15:15:00,34170.9,34227.4,34117.75,34212.3,0
2021-03-24 09:15:00,33894.7,33970.65,33832.75,33870.3,0
2021-03-24 09:30:00,33873.1,33943.7,33849.5,33900.2,0
2021-03-24 09:45:00,33898.9,33908.0,33777.85,33803.4,0
2021-03-24 10:00:00,33805.1,33805.1,33665.75,33699.1,0
2021-03-24 10:15:00,33698.3,33698.3,33581.25,33631.2,0
2021-03-24 10:30:00,33630.3,33680.2,33606.1,33654.1,0
2021-03-24 10:45:00,33653.6,33655.05,33461.65,33520.9,0
2021-03-24 11:00:00,33518.9,33541.6,33421.75,33496.9,0
2021-03-24 11:15:00,33497.9,33528.45,33400.05,33419.4,0
2021-03-24 11:30:00,33420.6,33499.75,33376.75,33499.8,0
2021-03-24 11:45:00,33497.2,33600.5,33467.65,33586.2,0
2021-03-24 12:00:00,33593.9,33629.2,33501.95,33569.6,0
2021-03-24 12:15:00,33568.2,33606.9,33555.1,33575.1,0
2021-03-24 12:30:00,33575.6,33686.2,33529.25,33616.7,0
2021-03-24 12:45:00,33614.8,33619.15,33501.4,33511.4,0
2021-03-24 13:00:00,33512.6,33534.45,33465.0,33485.0,0
2021-03-24 13:15:00,33487.2,33641.85,33427.8,33562.7,0
2021-03-24 13:30:00,33563.8,33569.2,33467.8,33534.0,0
2021-03-24 13:45:00,33535.4,33581.25,33490.3,33550.6,0
2021-03-24 14:00:00,33550.8,33636.85,33520.9,33558.1,0
2021-03-24 14:15:00,33557.1,33568.65,33496.15,33532.1,0
2021-03-24 14:30:00,33536.7,33671.05,33529.9,33558.5,0
2021-03-24 14:45:00,33558.1,33583.7,33262.65,33354.0,0
2021-03-24 15:00:00,33355.9,33362.5,33203.4,33302.8,0
2021-03-24 15:15:00,33306.1,33391.65,33277.6,33370.3,0
2021-03-25 09:15:00,33420.8,33449.65,32869.65,32923.3,0
2021-03-25 09:30:00,32917.6,33044.05,32914.45,33011.2,0
2021-03-25 09:45:00,33012.6,33020.4,32916.7,32944.9,0
2021-03-25 10:00:00,32945.1,33044.35,32945.15,32977.6,0
2021-03-25 10:15:00,32977.4,32981.95,32853.0,32899.4,0
2021-03-25 10:30:00,32898.2,32936.25,32858.7,32882.9,0
2021-03-25 10:45:00,32887.8,32933.35,32839.3,32876.6,0
2021-03-25 11:00:00,32875.7,32887.1,32753.35,32768.3,0
2021-03-25 11:15:00,32768.6,32820.25,32738.05,32808.7,0
2021-03-25 11:30:00,32806.4,32861.75,32786.65,32820.4,0
2021-03-25 11:45:00,32820.8,32820.75,32682.5,32690.7,0
2021-03-25 12:00:00,32683.9,32683.9,32415.25,32556.1,0
2021-03-25 12:15:00,32550.1,32658.45,32536.75,32622.3,0
2021-03-25 12:30:00,32624.1,32628.85,32560.7,32623.1,0
2021-03-25 12:45:00,32623.8,32662.75,32552.55,32617.8,0
2021-03-25 13:00:00,32617.7,32617.65,32479.55,32562.2,0
2021-03-25 13:15:00,32557.4,32860.45,32547.55,32840.2,0
2021-03-25 13:30:00,32832.8,33209.65,32744.6,33155.4,0
2021-03-25 13:45:00,33149.1,33289.25,32992.85,33094.4,0
2021-03-25 14:00:00,33095.5,33309.4,33081.75,33158.2,0
2021-03-25 14:15:00,33156.4,33195.8,32960.3,33031.1,0
2021-03-25 14:30:00,33025.5,33349.9,33009.0,33348.4,0
2021-03-25 14:45:00,33350.1,33550.15,33286.0,33286.0,0
2021-03-25 15:00:00,33283.4,33284.1,32867.45,32954.5,0
2021-03-25 15:15:00,32954.3,33038.5,32895.6,33032.4,0
2021-03-26 09:15:00,33605.1,33610.65,33312.0,33469.9,0
2021-03-26 09:30:00,33472.1,33599.25,33282.55,33290.6,0
2021-03-26 09:45:00,33284.8,33399.85,33227.15,33266.8,0
2021-03-26 10:00:00,33271.1,33373.35,33249.35,33346.0,0
2021-03-26 10:15:00,33346.3,33475.4,33342.95,33414.2,0
2021-03-26 10:30:00,33410.8,33459.45,33335.6,33420.8,0
2021-03-26 10:45:00,33420.2,33449.65,33284.65,33306.4,0
2021-03-26 11:00:00,33303.8,33387.3,33294.2,33317.2,0
2021-03-26 11:15:00,33314.1,33352.45,33192.9,33297.6,0
2021-03-26 11:30:00,33299.4,33437.1,33275.75,33397.1,0
2021-03-26 11:45:00,33394.9,33521.0,33363.55,33459.0,0
2021-03-26 12:00:00,33456.9,33514.3,33417.9,33462.4,0
2021-03-26 12:15:00,33467.7,33482.3,33359.0,33385.1,0
2021-03-26 12:30:00,33381.6,33459.1,33365.15,33422.7,0
2021-03-26 12:45:00,33421.6,33436.35,33289.8,33401.3,0
2021-03-26 13:00:00,33398.8,33437.15,33261.0,33291.9,0
2021-03-26 13:15:00,33295.0,33362.0,33171.25,33356.3,0
2021-03-26 13:30:00,33353.9,33440.3,33331.7,33369.9,0
2021-03-26 13:45:00,33366.2,33488.5,33366.25,33462.1,0
2021-03-26 14:00:00,33461.9,33527.25,33397.8,33417.9,0
2021-03-26 14:15:00,33417.1,33516.75,33336.6,33427.1,0
2021-03-26 14:30:00,33427.7,33466.3,33317.75,33324.4,0
2021-03-26 14:45:00,33323.6,33401.65,33252.6,33320.8,0
2021-03-26 15:00:00,33321.4,33359.85,33221.05,33239.4,0
2021-03-26 15:15:00,33241.4,33465.3,33166.1,33445.1,0
2021-03-30 09:15:00,33615.9,33799.8,33580.85,33676.1,0
2021-03-30 09:30:00,33681.5,33726.1,33623.35,33691.3,0
2021-03-30 09:45:00,33693.2,33811.1,33691.5,33808.6,0
2021-03-30 10:00:00,33804.1,33882.6,33754.25,33875.1,0
2021-03-30 10:15:00,33870.6,33977.15,33855.35,33932.7,0
2021-03-30 10:30:00,33931.9,33965.65,33816.7,33823.8,0
2021-03-30 10:45:00,33822.1,33920.3,33808.55,33854.6,0
2021-03-30 11:00:00,33855.0,33898.4,33839.5,33893.9,0
2021-03-30 11:15:00,33893.3,33955.5,33881.95,33883.8,0
2021-03-30 11:30:00,33884.3,33941.6,33860.55,33904.0,0
2021-03-30 11:45:00,33905.4,33931.45,33847.85,33858.4,0
2021-03-30 12:00:00,33859.1,33884.85,33687.35,33711.2,0
2021-03-30 12:15:00,33709.0,33751.7,33665.85,33718.6,0
2021-03-30 12:30:00,33721.3,33780.85,33706.15,33745.7,0
2021-03-30 12:45:00,33744.5,33784.0,33706.6,33716.4,0
2021-03-30 13:00:00,33715.9,33715.85,33564.55,33665.4,0
2021-03-30 13:15:00,33663.3,33766.7,33643.2,33741.1,0
2021-03-30 13:30:00,33740.9,33764.35,33714.8,33745.9,0
2021-03-30 13:45:00,33746.8,33898.05,33726.9,33848.9,0
2021-03-30 14:00:00,33853.3,33937.55,33836.2,33917.8,0
2021-03-30 14:15:00,33912.6,33990.8,33859.35,33941.9,0
2021-03-30 14:30:00,33932.8,33976.2,33875.85,33885.4,0
2021-03-30 14:45:00,33885.2,33942.9,33856.3,33925.5,0
2021-03-30 15:00:00,33929.1,33950.6,33819.15,33879.3,0
2021-03-30 15:15:00,33872.2,33902.3,33828.3,33893.6,0
2021-03-31 09:15:00,33764.8,33773.1,33428.0,33430.9,0
2021-03-31 09:30:00,33431.4,33524.65,33410.7,33482.6,0
2021-03-31 09:45:00,33481.6,33526.95,33445.4,33471.6,0
2021-03-31 10:00:00,33471.3,33505.95,33428.5,33451.8,0
2021-03-31 10:15:00,33459.4,33473.35,33342.8,33393.9,0
2021-03-31 10:30:00,33392.6,33421.3,33271.75,33317.1,0
2021-03-31 10:45:00,33316.9,33316.95,33219.0,33237.6,0
2021-03-31 11:00:00,33237.6,33297.65,33198.6,33244.8,0
2021-03-31 11:15:00,33252.4,33285.65,33212.15,33235.3,0
2021-03-31 11:30:00,33238.9,33293.2,33151.8,33264.2,0
2021-03-31 11:45:00,33262.9,33282.15,33231.95,33256.0,0
2021-03-31 12:00:00,33256.6,33373.65,33229.2,33355.1,0
2021-03-31 12:15:00,33353.9,33437.15,33323.75,33362.0,0
2021-03-31 12:30:00,33360.6,33411.9,33341.5,33384.9,0
2021-03-31 12:45:00,33384.4,33395.6,33327.15,33368.4,0
2021-03-31 13:00:00,33368.4,33493.1,33311.8,33399.1,0
2021-03-31 13:15:00,33405.0,33425.55,33248.5,33274.6,0
2021-03-31 13:30:00,33275.9,33345.35,33256.1,33332.3,0
2021-03-31 13:45:00,33331.6,33366.75,33299.65,33332.4,0
2021-03-31 14:00:00,33332.4,33375.7,33295.25,33335.8,0
2021-03-31 14:15:00,33338.4,33357.05,33269.55,33270.4,0
2021-03-31 14:30:00,33269.4,33331.95,33239.25,33315.1,0
2021-03-31 14:45:00,33314.9,33364.95,33287.35,33331.9,0
2021-03-31 15:00:00,33328.6,33339.25,33230.5,33310.0,0
2021-03-31 15:15:00,33307.2,33358.05,33285.95,33340.1,0
2021-04-01 09:15:00,33588.0,33590.2,33371.7,33407.8,0
2021-04-01 09:30:00,33409.4,33463.45,33339.1,33354.6,0
2021-04-01 09:45:00,33352.1,33430.0,33313.15,33412.9,0
2021-04-01 10:00:00,33412.9,33443.3,33373.7,33375.6,0
2021-04-01 10:15:00,33375.4,33449.2,33374.1,33399.0,0
2021-04-01 10:30:00,33397.9,33403.7,33307.7,33348.8,0
2021-04-01 10:45:00,33349.8,33349.75,33208.75,33253.4,0
2021-04-01 11:00:00,33254.7,33322.85,33214.8,33309.6,0
2021-04-01 11:15:00,33311.4,33331.3,33237.85,33264.1,0
2021-04-01 11:30:00,33263.4,33317.5,33256.7,33289.6,0
2021-04-01 11:45:00,33289.3,33380.55,33274.45,33327.9,0
2021-04-01 12:00:00,33328.9,33379.8,33305.2,33339.1,0
2021-04-01 12:15:00,33341.1,33346.1,33250.05,33317.9,0
2021-04-01 12:30:00,33314.4,33338.0,33298.4,33334.4,0
2021-04-01 12:45:00,33336.8,33371.95,33255.45,33361.9,0
2021-04-01 13:00:00,33361.4,33465.9,33358.9,33455.8,0
2021-04-01 13:15:00,33461.8,33579.95,33461.8,33518.5,0
2021-04-01 13:30:00,33515.7,33565.0,33474.5,33540.5,0
2021-04-01 13:45:00,33542.5,33558.7,33453.45,33503.9,0
2021-04-01 14:00:00,33504.6,33728.05,33503.1,33726.4,0
2021-04-01 14:15:00,33726.4,33880.3,33705.55,33783.3,0
2021-04-01 14:30:00,33781.8,33858.95,33757.55,33769.1,0
2021-04-01 14:45:00,33771.1,33823.25,33656.2,33744.4,0
2021-04-01 15:00:00,33742.2,33913.55,33717.1,33895.4,0
2021-04-01 15:15:00,33894.9,33949.15,33870.75,33905.4,0
2021-04-05 09:15:00,33649.1,33697.75,33228.55,33271.6,0
2021-04-05 09:30:00,33271.1,33271.1,33079.65,33166.9,0
2021-04-05 09:45:00,33166.1,33166.75,32799.65,32808.3,0
2021-04-05 10:00:00,32795.7,32795.7,32525.25,32654.7,0
2021-04-05 10:15:00,32647.3,32675.8,32364.9,32616.3,0
2021-04-05 10:30:00,32617.2,32628.75,32521.75,32547.4,0
2021-04-05 10:45:00,32549.6,32625.55,32518.55,32562.2,0
2021-04-05 11:00:00,32562.4,32566.3,32330.15,32387.1,0
2021-04-05 11:15:00,32388.6,32537.8,32341.5,32514.2,0
2021-04-05 11:30:00,32514.4,32665.65,32452.85,32612.8,0
2021-04-05 11:45:00,32616.9,32659.5,32537.7,32590.4,0
2021-04-05 12:00:00,32596.2,32649.05,32578.35,32618.8,0
2021-04-05 12:15:00,32619.3,32696.3,32591.4,32686.4,0
2021-04-05 12:30:00,32687.4,32764.6,32644.85,32746.2,0
2021-04-05 12:45:00,32744.2,32749.7,32662.35,32704.3,0
2021-04-05 13:00:00,32705.9,32710.15,32535.4,32637.7,0
2021-04-05 13:15:00,32640.1,32770.35,32617.3,32703.1,0
2021-04-05 13:30:00,32704.3,32807.95,32648.3,32741.9,0
2021-04-05 13:45:00,32740.8,32793.25,32705.9,32705.9,0
2021-04-05 14:00:00,32695.6,32755.05,32640.05,32712.7,0
2021-04-05 14:15:00,32710.2,32766.45,32659.9,32766.4,0
2021-04-05 14:30:00,32771.0,32828.8,32699.35,32711.6,0
2021-04-05 14:45:00,32712.2,32743.8,32610.75,32686.4,0
2021-04-05 15:00:00,32684.8,32707.65,32648.5,32664.8,0
2021-04-05 15:15:00,32666.2,32734.85,32626.35,32714.4,0
2021-04-06 09:15:00,32915.6,32920.2,32338.4,32815.2,0
2021-04-06 09:30:00,32820.1,33007.65,32786.1,32863.6,0
2021-04-06 09:45:00,32859.1,32886.4,32740.1,32814.9,0
2021-04-06 10:00:00,32813.1,32883.9,32780.65,32798.9,0
2021-04-06 10:15:00,32799.4,32802.05,32592.85,32702.2,0
2021-04-06 10:30:00,32702.5,32870.1,32668.0,32850.9,0
2021-04-06 10:45:00,32850.0,32861.85,32783.6,32801.8,0
2021-04-06 11:00:00,32798.8,32922.6,32759.75,32868.8,0
2021-04-06 11:15:00,32873.6,32945.1,32836.65,32860.9,0
2021-04-06 11:30:00,32860.6,32878.4,32768.6,32775.0,0
2021-04-06 11:45:00,32774.8,32816.15,32714.1,32780.8,0
2021-04-06 12:00:00,32780.1,32797.55,32747.1,32776.4,0
2021-04-06 12:15:00,32777.2,32829.95,32651.2,32683.2,0
2021-04-06 12:30:00,32683.8,32715.2,32430.3,32443.4,0
2021-04-06 12:45:00,32445.4,32559.8,32390.1,32516.4,0
2021-04-06 13:00:00,32520.0,32672.9,32469.4,32612.4,0
2021-04-06 13:15:00,32610.3,32635.55,32470.9,32473.2,0
2021-04-06 13:30:00,32471.6,32561.75,32439.35,32460.2,0
2021-04-06 13:45:00,32457.9,32539.25,32423.6,32447.6,0
2021-04-06 14:00:00,32448.6,32548.1,32448.45,32470.6,0
2021-04-06 14:15:00,32468.9,32518.55,32407.45,32487.3,0
2021-04-06 14:30:00,32489.2,32491.15,32417.05,32454.7,0
2021-04-06 14:45:00,32455.7,32540.1,32440.35,32451.8,0
2021-04-06 15:00:00,32453.1,32515.55,32419.5,32500.8,0
2021-04-06 15:15:00,32500.8,32565.25,32496.65,32540.9,0
2021-04-07 09:15:00,32529.7,32562.05,32141.55,32543.3,0
2021-04-07 09:30:00,32541.4,32680.9,32500.5,32670.6,0
2021-04-07 09:45:00,32672.1,32752.15,32643.65,32703.1,0
2021-04-07 10:00:00,32698.3,32891.6,32632.75,32755.1,0
2021-04-07 10:15:00,32754.6,32769.7,32523.7,32660.2,0
2021-04-07 10:30:00,32660.1,32688.6,32576.0,32590.3,0
2021-04-07 10:45:00,32593.3,32816.45,32551.05,32810.3,0
2021-04-07 11:00:00,32807.1,32958.95,32807.15,32931.9,0
2021-04-07 11:15:00,32936.8,33000.15,32869.95,32953.4,0
2021-04-07 11:30:00,32952.3,32987.25,32927.8,32957.6,0
2021-04-07 11:45:00,32958.5,32967.85,32873.95,32937.0,0
2021-04-07 12:00:00,32935.9,33091.85,32906.35,33074.2,0
2021-04-07 12:15:00,33074.4,33075.9,33012.25,33059.9,0
2021-04-07 12:30:00,33062.6,33105.3,33040.1,33081.4,0
2021-04-07 12:45:00,33080.9,33168.85,33021.1,33149.0,0
2021-04-07 13:00:00,33149.9,33191.7,33126.35,33159.4,0
2021-04-07 13:15:00,33161.4,33166.05,32920.85,33007.3,0
2021-04-07 13:30:00,33007.3,33040.2,32876.2,32878.3,0
2021-04-07 13:45:00,32877.9,33020.5,32875.85,33018.7,0
2021-04-07 14:00:00,33017.2,33045.75,32966.15,33009.1,0
2021-04-07 14:15:00,33012.9,33040.75,32975.75,33019.5,0
2021-04-07 14:30:00,33017.5,33088.8,33005.05,33008.4,0
2021-04-07 14:45:00,33009.4,33009.45,32945.2,32945.2,0
2021-04-07 15:00:00,32945.9,33034.3,32922.5,33007.8,0
2021-04-07 15:15:00,33009.2,33013.1,32950.15,32958.6,0
2021-04-08 09:15:00,33154.2,33276.8,33112.9,33258.8,0
2021-04-08 09:30:00,33267.2,33306.8,33211.5,33238.6,0
2021-04-08 09:45:00,33238.2,33239.75,33056.3,33201.0,0
2021-04-08 10:00:00,33202.5,33270.4,33197.0,33230.9,0
2021-04-08 10:15:00,33227.2,33239.1,33164.75,33180.1,0
2021-04-08 10:30:00,33177.8,33218.95,33145.3,33151.4,0
2021-04-08 10:45:00,33152.7,33175.75,33120.5,33165.1,0
2021-04-08 11:00:00,33165.2,33201.15,33154.5,33157.5,0
2021-04-08 11:15:00,33154.2,33195.05,33132.5,33157.7,0
2021-04-08 11:30:00,33155.2,33174.45,33051.15,33071.3,0
2021-04-08 11:45:00,33068.4,33100.45,33006.0,33097.0,0
2021-04-08 12:00:00,33097.2,33100.9,32907.95,32911.9,0
2021-04-08 12:15:00,32915.4,33021.45,32892.1,32982.6,0
2021-04-08 12:30:00,32983.9,33070.25,32983.25,33038.2,0
2021-04-08 12:45:00,33035.8,33059.3,32981.65,32990.4,0
2021-04-08 13:00:00,32989.9,33020.75,32935.2,33002.6,0
2021-04-08 13:15:00,32999.4,33186.55,32995.6,33121.4,0
2021-04-08 13:30:00,33121.9,33250.95,33092.6,33204.6,0
2021-04-08 13:45:00,33205.6,33209.0,33106.0,33121.8,0
2021-04-08 14:00:00,33124.0,33153.2,33034.55,33077.1,0
2021-04-08 14:15:00,33073.9,33103.7,33005.9,33005.9,0
2021-04-08 14:30:00,33003.9,33007.0,32775.85,32919.1,0
2021-04-08 14:45:00,32917.7,32917.7,32766.75,32771.2,0
2021-04-08 15:00:00,32763.7,32831.15,32704.75,32748.9,0
2021-04-08 15:15:00,32750.5,32810.0,32749.85,32798.4,0
2021-04-09 09:15:00,32636.9,32637.75,32329.95,32459.2,0
2021-04-09 09:30:00,32457.6,32687.25,32424.15,32665.2,0
2021-04-09 09:45:00,32667.1,32725.1,32556.05,32664.3,0
2021-04-09 10:00:00,32668.1,32972.15,32654.9,32878.6,0
2021-04-09 10:15:00,32880.7,32920.25,32810.4,32859.4,0
2021-04-09 10:30:00,32858.1,32942.45,32818.35,32821.4,0
2021-04-09 10:45:00,32822.5,32827.2,32740.8,32769.9,0
2021-04-09 11:00:00,32769.8,32804.95,32608.2,32643.9,0
2021-04-09 11:15:00,32644.6,32696.65,32603.55,32647.2,0
2021-04-09 11:30:00,32648.2,32751.9,32633.1,32721.0,0
2021-04-09 11:45:00,32728.3,32769.5,32688.85,32746.3,0
2021-04-09 12:00:00,32750.5,32753.75,32656.75,32672.3,0
2021-04-09 12:15:00,32673.9,32809.85,32669.55,32766.8,0
2021-04-09 12:30:00,32767.6,32788.65,32733.65,32756.3,0
2021-04-09 12:45:00,32756.0,32829.5,32664.9,32711.8,0
2021-04-09 13:00:00,32711.3,32735.1,32649.1,32685.8,0
2021-04-09 13:15:00,32685.8,32716.85,32667.2,32689.0,0
2021-04-09 13:30:00,32686.9,32698.85,32535.65,32549.7,0
2021-04-09 13:45:00,32544.0,32559.65,32457.9,32480.3,0
2021-04-09 14:00:00,32477.8,32529.15,32418.35,32464.2,0
2021-04-09 14:15:00,32463.7,32560.3,32457.7,32529.9,0
2021-04-09 14:30:00,32531.6,32538.85,32451.9,32474.7,0
2021-04-09 14:45:00,32475.7,32523.65,32438.25,32484.3,0
2021-04-09 15:00:00,32483.8,32494.9,32417.25,32445.3,0
2021-04-09 15:15:00,32448.9,32479.65,32423.6,32446.6,0
